Division,Date,Home_Team,Away_Team,Home_Goals,Away_Goals,Result,Home_Shots,Away_Shots,Home_Shots_on_Target,Away_Shots_on_Target,Home_Corners,Away_Corners,Home_Yellow_Cards,Away_Yellow_Cards,Home_Red_Cards,Away_Red_Cards
SP1,2014-08-23,Almeria,Espanol,1,1,D,19,12,6,2,11,7,3,2,0,1
SP1,2014-08-23,Granada,La Coruna,2,1,H,10,7,3,1,5,3,1,2,0,0
SP1,2014-08-23,Malaga,Ath Bilbao,1,0,H,12,12,3,5,5,4,3,3,2,0
SP1,2014-08-23,Sevilla,Valencia,1,1,D,10,11,3,1,3,3,4,2,0,1
SP1,2014-08-24,Barcelona,Elche,3,0,H,12,3,6,0,3,1,0,1,1,0
SP1,2014-08-24,Celta,Getafe,3,1,H,20,12,8,3,4,4,4,1,0,0
SP1,2014-08-24,Eibar,Sociedad,1,0,H,12,19,5,4,5,6,4,1,0,0
SP1,2014-08-24,Levante,Villarreal,0,2,A,9,12,2,6,3,4,1,3,0,0
SP1,2014-08-25,Real Madrid,Cordoba,2,0,H,14,8,8,2,8,5,1,2,0,0
SP1,2014-08-25,Vallecano,Ath Madrid,0,0,D,8,9,2,2,2,4,2,2,0,0
SP1,2014-08-29,Getafe,Almeria,1,0,H,12,11,3,4,2,3,3,2,0,0
SP1,2014-08-29,Valencia,Malaga,3,0,H,14,17,4,4,4,6,1,2,0,1
SP1,2014-08-30,Espanol,Sevilla,1,2,A,4,13,2,6,3,7,4,2,0,0
SP1,2014-08-30,Cordoba,Celta,1,1,D,6,9,1,4,1,6,1,4,0,0
SP1,2014-08-30,Ath Bilbao,Levante,3,0,H,10,10,5,2,2,11,1,4,0,0
SP1,2014-08-30,Ath Madrid,Eibar,2,1,H,15,8,6,2,5,5,3,0,0,0
SP1,2014-08-31,Elche,Granada,1,1,D,15,5,3,4,8,4,4,4,0,0
SP1,2014-08-31,La Coruna,Vallecano,2,2,D,10,12,5,2,2,4,4,6,0,0
SP1,2014-08-31,Sociedad,Real Madrid,4,2,H,13,19,5,5,8,6,1,2,0,0
SP1,2014-08-31,Villarreal,Barcelona,0,1,A,9,20,0,8,3,10,0,2,0,0
SP1,2014-09-13,Barcelona,Ath Bilbao,2,0,H,15,3,8,2,5,1,1,1,0,0
SP1,2014-09-13,Celta,Sociedad,2,2,D,13,20,6,5,5,8,1,5,0,0
SP1,2014-09-13,Malaga,Levante,0,0,D,18,10,7,0,20,1,1,2,0,0
SP1,2014-09-13,Real Madrid,Ath Madrid,1,2,A,21,9,4,2,4,4,4,7,0,0
SP1,2014-09-14,Vallecano,Elche,2,3,A,14,12,4,5,6,5,2,2,0,0
SP1,2014-09-14,Granada,Villarreal,0,0,D,9,14,3,3,9,5,3,2,0,0
SP1,2014-09-14,Sevilla,Getafe,2,0,H,12,7,4,1,8,5,2,6,0,0
SP1,2014-09-14,Valencia,Espanol,3,1,H,11,8,6,3,7,8,1,1,0,0
SP1,2014-09-15,Eibar,La Coruna,0,1,A,14,4,2,1,4,8,0,5,0,0
SP1,2014-09-19,Elche,Eibar,0,2,A,15,8,6,4,10,7,2,1,0,0
SP1,2014-09-20,Ath Bilbao,Granada,0,1,A,13,3,5,2,7,5,2,4,0,0
SP1,2014-09-20,Ath Madrid,Celta,2,2,D,18,5,8,5,6,3,1,3,0,0
SP1,2014-09-20,Espanol,Malaga,2,2,D,13,9,8,3,7,2,2,3,0,0
SP1,2014-09-20,La Coruna,Real Madrid,2,8,A,14,19,5,13,2,3,1,1,0,0
SP1,2014-09-21,Cordoba,Sevilla,1,3,A,9,15,3,8,7,4,6,2,0,0
SP1,2014-09-21,Levante,Barcelona,0,5,A,9,17,2,8,3,6,1,2,1,0
SP1,2014-09-21,Sociedad,Almeria,1,2,A,22,13,6,5,13,7,1,6,0,1
SP1,2014-09-21,Villarreal,Vallecano,4,2,H,19,10,9,3,11,5,2,2,0,0
SP1,2014-09-22,Getafe,Valencia,0,3,A,12,7,5,3,6,1,6,1,0,1
SP1,2014-09-23,Celta,La Coruna,2,1,H,11,5,4,3,13,4,3,3,0,0
SP1,2014-09-23,Real Madrid,Elche,5,1,H,23,10,12,3,8,2,2,1,0,0
SP1,2014-09-24,Vallecano,Ath Bilbao,2,1,H,15,8,5,3,1,2,2,2,0,0
SP1,2014-09-24,Sevilla,Sociedad,1,0,H,19,8,8,1,11,4,6,2,0,0
SP1,2014-09-24,Malaga,Barcelona,0,0,D,6,10,2,0,2,8,2,2,0,0
SP1,2014-09-24,Eibar,Villarreal,1,1,D,7,15,3,4,2,10,4,4,0,0
SP1,2014-09-24,Almeria,Ath Madrid,0,1,A,6,19,1,9,2,10,3,6,0,0
SP1,2014-09-24,Granada,Levante,0,1,A,8,10,0,4,5,3,2,6,0,0
SP1,2014-09-25,Espanol,Getafe,2,0,H,10,6,4,2,6,4,1,2,0,0
SP1,2014-09-25,Valencia,Cordoba,3,0,H,17,2,7,1,3,3,1,3,0,0
SP1,2014-09-26,Elche,Celta,0,1,A,14,16,3,4,0,4,4,2,0,0
SP1,2014-09-27,Ath Bilbao,Eibar,0,0,D,13,10,1,2,6,2,5,6,0,0
SP1,2014-09-27,Ath Madrid,Sevilla,4,0,H,11,4,6,1,5,3,4,3,0,0
SP1,2014-09-27,Barcelona,Granada,6,0,H,19,9,12,1,8,1,1,3,0,0
SP1,2014-09-27,Levante,Vallecano,0,2,A,7,13,0,5,5,7,4,3,0,0
SP1,2014-09-27,Villarreal,Real Madrid,0,2,A,19,11,5,3,7,6,0,1,0,0
SP1,2014-09-28,La Coruna,Almeria,0,1,A,8,15,1,6,6,5,2,4,0,0
SP1,2014-09-28,Cordoba,Espanol,0,0,D,10,4,4,2,3,5,2,6,0,0
SP1,2014-09-28,Getafe,Malaga,1,0,H,9,10,3,0,4,4,0,3,0,1
SP1,2014-09-28,Sociedad,Valencia,1,1,D,18,7,5,2,11,4,2,5,0,0
SP1,2014-10-17,Granada,Vallecano,0,1,A,9,8,1,2,3,6,4,5,0,0
SP1,2014-10-18,Ath Bilbao,Celta,1,1,D,13,4,4,1,9,2,3,3,0,0
SP1,2014-10-18,Barcelona,Eibar,3,0,H,27,4,12,2,12,3,2,2,0,0
SP1,2014-10-18,Cordoba,Malaga,1,2,A,8,8,2,4,6,13,2,3,0,0
SP1,2014-10-18,Levante,Real Madrid,0,5,A,11,21,1,11,6,3,4,0,0,0
SP1,2014-10-19,Ath Madrid,Espanol,2,0,H,20,7,9,1,12,1,0,0,0,0
SP1,2014-10-19,Elche,Sevilla,0,2,A,12,10,1,7,6,4,5,2,0,0
SP1,2014-10-19,La Coruna,Valencia,3,0,H,11,8,5,1,3,5,3,3,0,0
SP1,2014-10-19,Villarreal,Almeria,2,0,H,17,10,8,3,6,4,5,2,0,0
SP1,2014-10-20,Sociedad,Getafe,1,2,A,13,16,2,7,8,4,1,3,0,0
SP1,2014-10-24,Celta,Levante,3,0,H,13,4,4,0,7,0,0,3,0,0
SP1,2014-10-25,Real Madrid,Barcelona,3,1,H,18,16,6,5,3,9,2,4,0,0
SP1,2014-10-25,Eibar,Granada,1,1,D,7,8,3,3,7,8,3,4,0,0
SP1,2014-10-25,Valencia,Elche,3,1,H,12,8,4,3,8,6,0,2,0,0
SP1,2014-10-25,Almeria,Ath Bilbao,0,1,A,7,6,3,1,4,8,2,1,0,0
SP1,2014-10-25,Cordoba,Sociedad,1,1,D,7,7,3,1,5,4,3,2,0,0
SP1,2014-10-26,Espanol,La Coruna,0,0,D,16,5,5,1,11,0,2,4,0,0
SP1,2014-10-26,Getafe,Ath Madrid,0,1,A,11,12,4,7,1,8,3,3,1,0
SP1,2014-10-26,Malaga,Vallecano,4,0,H,18,10,8,4,7,4,1,4,0,0
SP1,2014-10-26,Sevilla,Villarreal,2,1,H,8,11,4,4,3,2,3,4,0,0
SP1,2014-10-31,La Coruna,Getafe,1,2,A,9,16,2,4,4,6,2,1,0,0
SP1,2014-11-21,Ath Bilbao,Espanol,3,1,H,9,8,5,3,5,3,0,5,0,0
SP1,2014-11-22,Ath Madrid,Malaga,3,1,H,11,4,5,1,4,3,1,3,1,1
SP1,2014-11-22,Barcelona,Sevilla,5,1,H,16,2,10,0,5,4,1,2,0,0
SP1,2014-11-22,Eibar,Real Madrid,0,4,A,10,19,2,8,4,2,4,2,0,0
SP1,2014-11-22,La Coruna,Sociedad,0,0,D,11,17,4,5,8,6,3,1,0,0
SP1,2014-11-23,Vallecano,Celta,1,0,H,9,14,3,4,2,9,6,4,0,0
SP1,2014-11-23,Elche,Cordoba,2,2,D,17,10,6,3,6,2,3,4,0,0
SP1,2014-11-23,Levante,Valencia,2,1,H,10,17,5,6,4,5,2,1,0,0
SP1,2014-11-23,Villarreal,Getafe,2,1,H,10,15,4,5,7,4,3,2,0,0
SP1,2014-11-24,Granada,Almeria,0,0,D,24,3,11,1,10,5,4,0,0,1
SP1,2014-11-28,Sociedad,Elche,3,0,H,12,13,8,5,2,1,2,4,0,0
SP1,2014-11-29,Celta,Eibar,0,1,A,29,8,9,2,15,1,4,5,0,0
SP1,2014-11-29,Espanol,Levante,2,1,H,10,16,4,3,5,6,2,3,0,0
SP1,2014-11-29,Getafe,Ath Bilbao,1,2,A,14,8,7,3,2,4,7,5,0,0
SP1,2014-11-29,Malaga,Real Madrid,1,2,A,12,21,7,9,5,6,2,2,0,1
SP1,2014-11-30,Ath Madrid,La Coruna,2,0,H,9,3,4,1,5,3,2,2,0,0
SP1,2014-11-30,Cordoba,Villarreal,0,2,A,11,10,2,7,9,8,2,2,0,0
SP1,2014-11-30,Sevilla,Granada,5,1,H,13,9,8,4,7,4,1,2,0,0
SP1,2014-11-30,Valencia,Barcelona,0,1,A,12,7,4,1,5,5,3,3,0,0
SP1,2014-12-13,Cordoba,Levante,0,0,D,13,12,4,3,7,6,0,3,0,0
SP1,2014-12-13,Getafe,Barcelona,0,0,D,4,23,2,2,4,5,2,0,0,0
SP1,2014-12-13,Malaga,Celta,1,0,H,12,14,4,8,1,9,5,4,0,0
SP1,2014-12-13,Valencia,Vallecano,3,0,H,14,19,6,4,6,2,3,3,1,0
SP1,2014-12-14,Sociedad,Ath Bilbao,1,1,D,14,12,4,5,3,6,0,3,0,1
SP1,2014-12-14,Sevilla,Eibar,0,0,D,16,6,2,2,11,2,3,6,0,0
SP1,2014-12-14,Espanol,Granada,2,1,H,12,7,4,6,2,3,2,4,0,1
SP1,2014-12-14,Ath Madrid,Villarreal,0,1,A,11,7,2,4,7,2,4,3,0,0
SP1,2014-12-15,La Coruna,Elche,1,0,H,15,10,3,4,7,5,5,2,0,0
SP1,2014-12-19,Celta,Almeria,0,1,A,19,4,4,2,17,2,6,4,0,0
SP1,2014-12-20,Barcelona,Cordoba,5,0,H,16,7,9,2,8,0,1,0,0,0
SP1,2014-12-20,Eibar,Valencia,0,1,A,8,10,2,3,2,5,7,3,0,0
SP1,2014-12-20,Levante,Sociedad,1,1,D,11,3,2,2,3,4,3,5,0,0
SP1,2014-12-20,Vallecano,Espanol,1,3,A,16,7,5,4,4,5,3,4,0,1
SP1,2014-12-21,Ath Bilbao,Ath Madrid,1,4,A,4,5,2,4,3,1,3,4,0,0
SP1,2014-12-21,Elche,Malaga,1,2,A,9,19,3,10,5,4,2,1,0,0
SP1,2014-12-21,Granada,Getafe,1,1,D,13,12,3,4,3,5,4,2,0,0
SP1,2014-12-21,Villarreal,La Coruna,3,0,H,15,10,9,2,5,2,1,3,1,0
SP1,2015-01-16,Cordoba,Eibar,1,1,D,14,6,5,1,2,3,4,3,1,1
SP1,2015-01-17,Villarreal,Ath Bilbao,2,0,H,19,11,6,5,9,6,2,2,0,0
SP1,2015-01-17,Valencia,Almeria,3,2,H,15,8,8,2,8,4,2,2,0,0
SP1,2015-01-17,Sociedad,Vallecano,0,1,A,10,12,2,4,8,4,0,4,0,0
SP1,2015-01-17,Espanol,Celta,1,0,H,15,3,3,2,9,1,3,3,0,0
SP1,2015-01-18,Ath Madrid,Granada,2,0,H,12,5,3,1,3,6,3,3,0,0
SP1,2015-01-18,Elche,Levante,1,0,H,15,9,6,2,3,5,3,3,0,1
SP1,2015-01-18,Getafe,Real Madrid,0,3,A,6,24,0,9,7,8,2,2,0,0
SP1,2015-01-18,La Coruna,Barcelona,0,4,A,7,14,2,6,2,4,2,2,0,0
SP1,2015-01-18,Sevilla,Malaga,2,0,H,4,4,3,1,2,0,3,1,0,0
SP1,2015-01-24,Ath Madrid,Vallecano,3,1,H,12,10,5,3,8,5,1,1,0,0
SP1,2015-01-24,Cordoba,Real Madrid,1,2,A,16,13,4,4,3,9,1,3,1,1
SP1,2015-01-24,Elche,Barcelona,0,6,A,6,12,3,8,2,3,5,2,1,0
SP1,2015-01-24,Sociedad,Eibar,1,0,H,19,9,4,4,9,5,2,2,0,0
SP1,2015-01-24,Villarreal,Levante,1,0,H,15,11,4,1,6,3,0,3,0,0
SP1,2015-01-25,Valencia,Sevilla,3,1,H,13,10,8,6,3,7,6,5,0,0
SP1,2015-01-25,La Coruna,Granada,2,2,D,13,5,7,2,7,2,3,3,1,0
SP1,2015-01-25,Espanol,Almeria,3,0,H,18,9,9,1,9,7,2,1,0,0
SP1,2015-01-25,Ath Bilbao,Malaga,1,1,D,11,8,5,3,8,2,0,1,0,0
SP1,2015-01-26,Getafe,Celta,2,1,H,13,7,6,2,6,2,2,5,0,0
SP1,2015-01-30,Vallecano,La Coruna,1,2,A,11,13,4,6,10,7,4,5,0,0
SP1,2015-01-31,Celta,Cordoba,1,0,H,19,8,9,3,8,2,2,6,0,0
SP1,2015-01-31,Eibar,Ath Madrid,1,3,A,11,8,3,5,6,8,3,3,0,0
SP1,2015-01-31,Granada,Elche,1,0,H,14,5,2,1,12,4,4,4,0,1
SP1,2015-01-31,Real Madrid,Sociedad,4,1,H,26,8,11,2,10,3,3,1,0,0
SP1,2015-02-13,Almeria,Sociedad,2,2,D,9,7,4,3,6,6,5,4,0,0
SP1,2015-02-14,Granada,Ath Bilbao,0,0,D,11,10,4,0,4,4,4,4,1,0
SP1,2015-02-14,Malaga,Espanol,0,2,A,17,6,5,2,10,3,3,7,0,1
SP1,2015-02-14,Real Madrid,La Coruna,2,0,H,17,15,6,4,6,6,2,4,0,0
SP1,2015-02-14,Sevilla,Cordoba,3,0,H,18,10,6,3,8,1,0,1,1,1
SP1,2015-02-15,Valencia,Getafe,1,0,H,13,10,3,1,7,2,3,4,0,0
SP1,2015-02-15,Vallecano,Villarreal,2,0,H,13,9,7,2,5,5,2,2,0,0
SP1,2015-02-15,Barcelona,Levante,5,0,H,18,5,10,1,3,4,1,2,0,0
SP1,2015-02-15,Celta,Ath Madrid,2,0,H,14,10,3,5,9,2,0,3,0,0
SP1,2015-02-16,Eibar,Elche,0,1,A,18,6,7,2,5,3,3,1,1,0
SP1,2015-02-20,Getafe,Espanol,2,1,H,10,11,4,7,2,5,3,3,0,0
SP1,2015-02-21,Ath Madrid,Almeria,3,0,H,9,9,6,1,8,4,1,1,1,0
SP1,2015-02-21,Barcelona,Malaga,0,1,A,11,11,5,3,11,3,4,3,0,0
SP1,2015-02-21,Cordoba,Valencia,1,2,A,11,17,4,7,6,2,1,2,0,0
SP1,2015-02-21,La Coruna,Celta,0,2,A,14,8,4,5,4,3,2,4,1,0
SP1,2015-02-22,Ath Bilbao,Vallecano,1,0,H,19,5,6,1,11,4,3,2,0,0
SP1,2015-02-22,Elche,Real Madrid,0,2,A,4,17,1,5,1,6,4,1,0,0
SP1,2015-02-22,Sociedad,Sevilla,4,3,H,17,17,8,5,5,10,5,3,0,0
SP1,2015-02-22,Villarreal,Eibar,1,0,H,21,10,6,1,8,3,2,0,0,0
SP1,2015-02-23,Levante,Granada,2,1,H,9,10,4,4,7,4,3,5,1,2
SP1,2015-02-27,Espanol,Cordoba,1,0,H,12,16,4,4,2,6,5,4,0,0
SP1,2015-02-28,Vallecano,Levante,4,2,H,13,10,7,3,5,2,2,2,0,0
SP1,2015-02-28,Malaga,Getafe,3,2,H,16,10,6,6,6,5,3,1,0,0
SP1,2015-02-28,Granada,Barcelona,1,3,A,10,16,4,9,4,5,2,3,0,0
SP1,2015-02-28,Almeria,La Coruna,0,0,D,10,25,3,9,7,11,2,3,2,0
SP1,2015-03-13,Valencia,La Coruna,2,0,H,16,5,8,2,5,5,1,2,0,0
SP1,2015-03-14,Celta,Ath Bilbao,1,2,A,16,12,5,4,8,5,3,3,0,1
SP1,2015-03-14,Eibar,Barcelona,0,2,A,13,12,2,4,6,3,1,0,0,0
SP1,2015-03-14,Espanol,Ath Madrid,0,0,D,7,14,1,6,6,7,3,3,0,1
SP1,2015-03-14,Vallecano,Granada,3,1,H,16,11,8,3,6,6,3,2,0,0
SP1,2015-03-15,Almeria,Villarreal,0,0,D,10,18,2,7,4,3,4,4,1,1
SP1,2015-03-15,Malaga,Cordoba,2,0,H,19,4,6,2,2,3,0,2,0,0
SP1,2015-03-15,Real Madrid,Levante,2,0,H,22,8,6,0,10,4,2,0,0,0
SP1,2015-03-15,Sevilla,Elche,3,0,H,12,14,4,3,5,9,2,3,0,0
SP1,2015-03-16,Getafe,Sociedad,0,1,A,14,10,5,4,6,5,4,1,0,0
SP1,2015-03-20,Elche,Valencia,0,4,A,7,10,1,5,4,4,1,0,0,0
SP1,2015-03-21,Levante,Celta,0,1,A,9,17,3,5,5,5,4,3,0,0
SP1,2015-03-21,Vallecano,Malaga,1,0,H,11,6,2,2,7,4,8,0,0,1
SP1,2015-03-21,Granada,Eibar,0,0,D,17,4,4,1,7,5,4,1,0,0
SP1,2015-03-21,Ath Madrid,Getafe,2,0,H,15,5,6,1,10,5,2,2,0,0
SP1,2015-03-21,Ath Bilbao,Almeria,2,1,H,19,7,6,1,9,6,2,4,0,1
SP1,2015-03-22,Barcelona,Real Madrid,2,1,H,17,13,5,4,7,10,5,6,0,0
SP1,2015-03-22,La Coruna,Espanol,0,0,D,14,7,1,2,2,2,4,4,0,0
SP1,2015-03-22,Sociedad,Cordoba,3,1,H,19,11,3,6,9,5,1,5,0,3
SP1,2015-03-22,Villarreal,Sevilla,0,2,A,23,9,5,5,8,2,2,1,0,0
SP1,2015-04-13,Valencia,Levante,3,0,H,13,11,5,1,5,4,3,3,0,0
SP1,2015-04-17,Levante,Espanol,2,2,D,13,12,3,6,8,4,1,3,0,0
SP1,2015-04-18,Ath Bilbao,Getafe,4,0,H,27,1,8,1,6,1,2,4,0,1
SP1,2015-04-18,Barcelona,Valencia,2,0,H,11,11,5,3,6,3,4,4,0,0
SP1,2015-04-18,La Coruna,Ath Madrid,1,2,A,9,15,2,10,5,6,2,4,0,0
SP1,2015-04-18,Real Madrid,Malaga,3,1,H,12,11,6,2,4,3,2,2,0,0
SP1,2015-04-19,Villarreal,Cordoba,0,0,D,28,9,7,4,12,3,1,4,0,0
SP1,2015-04-19,Vallecano,Almeria,2,0,H,13,8,9,3,5,7,1,2,0,0
SP1,2015-04-19,Eibar,Celta,0,1,A,11,17,3,5,1,9,2,2,0,0
SP1,2015-04-19,Granada,Sevilla,1,1,D,6,16,2,3,5,9,2,2,0,0
SP1,2015-04-20,Elche,Sociedad,1,0,H,9,4,2,2,7,4,3,4,0,0
SP1,2015-04-24,Cordoba,Ath Bilbao,0,1,A,22,15,2,4,9,5,2,3,0,0
SP1,2015-04-25,Ath Madrid,Elche,3,0,H,18,14,9,3,9,8,3,2,0,0
SP1,2015-04-25,Espanol,Barcelona,0,2,A,7,12,2,5,5,3,5,1,1,1
SP1,2015-04-25,Getafe,Levante,0,1,A,10,9,2,3,5,5,4,3,0,0
SP1,2015-04-25,Sociedad,Villarreal,0,0,D,13,19,2,4,7,9,1,4,0,0
SP1,2015-04-26,Almeria,Eibar,2,0,H,9,8,3,5,5,7,4,3,0,0
SP1,2015-04-26,Celta,Real Madrid,2,4,A,20,10,4,7,5,4,3,2,0,0
SP1,2015-04-26,Malaga,La Coruna,1,1,D,14,12,5,3,9,5,5,1,0,0
SP1,2015-04-26,Sevilla,Vallecano,2,0,H,12,22,7,3,5,8,0,2,0,0
SP1,2015-04-27,Valencia,Granada,4,0,H,13,5,6,0,2,6,3,3,0,0
SP1,2015-04-28,Barcelona,Getafe,6,0,H,21,7,12,3,5,6,0,0,0,0
SP1,2015-04-28,Levante,Cordoba,1,0,H,13,8,3,1,6,5,3,3,0,0
SP1,2015-04-28,Ath Bilbao,Sociedad,1,1,D,11,13,3,8,7,3,2,2,0,1
SP1,2015-04-29,Celta,Malaga,1,0,H,14,7,2,2,3,5,2,3,0,0
SP1,2015-04-29,Eibar,Sevilla,1,3,A,15,12,3,6,4,2,3,2,0,0
SP1,2015-04-29,Elche,La Coruna,4,0,H,12,10,7,5,3,4,1,2,0,0
SP1,2015-04-29,Real Madrid,Almeria,3,0,H,18,7,4,0,10,4,1,0,0,0
SP1,2015-04-29,Villarreal,Ath Madrid,0,1,A,13,12,3,3,7,1,0,4,0,0
SP1,2015-04-30,Granada,Espanol,1,2,A,16,7,4,3,8,1,2,3,0,0
SP1,2015-04-30,Vallecano,Valencia,1,1,D,9,13,3,5,4,8,2,1,1,1
SP1,2015-05-17,Sevilla,Almeria,2,1,H,15,14,3,3,5,4,0,4,0,1
SP1,2015-05-17,Villarreal,Malaga,2,1,H,8,15,2,4,3,9,3,1,0,0
SP1,2015-05-17,Valencia,Celta,1,1,D,21,11,7,3,7,7,1,5,0,0
SP1,2015-05-17,Sociedad,Granada,0,3,A,7,15,1,6,3,3,2,2,0,0
SP1,2015-05-17,La Coruna,Levante,2,0,H,10,5,3,1,8,3,3,2,0,0
SP1,2015-05-17,Elche,Ath Bilbao,2,3,A,10,17,3,5,1,9,2,2,0,0
SP1,2015-05-17,Espanol,Real Madrid,1,4,A,15,18,3,7,2,5,2,4,0,0
SP1,2015-05-17,Cordoba,Vallecano,1,2,A,14,22,2,10,5,8,0,0,0,0
SP1,2015-05-17,Ath Madrid,Barcelona,0,1,A,10,15,3,5,6,5,5,3,0,0
SP1,2015-05-17,Getafe,Eibar,1,1,D,13,5,3,1,6,4,0,2,0,0
SP1,2015-05-23,Levante,Elche,0,0,D,8,15,0,6,4,4,3,3,0,0
SP1,2015-05-23,Real Madrid,Getafe,7,3,H,18,14,11,6,8,7,2,3,0,0
SP1,2015-05-23,Malaga,Sevilla,2,3,A,16,12,8,6,6,1,3,2,1,0
SP1,2015-05-23,Granada,Ath Madrid,0,0,D,2,3,0,1,4,0,0,0,0,0
SP1,2015-05-23,Vallecano,Sociedad,2,4,A,13,11,3,8,9,2,1,1,0,0
SP1,2015-05-23,Celta,Espanol,3,2,H,10,17,7,3,2,2,2,1,1,0
SP1,2015-05-23,Barcelona,La Coruna,2,2,D,18,10,7,2,4,4,1,3,0,0
SP1,2015-05-23,Ath Bilbao,Villarreal,4,0,H,17,13,8,2,4,5,0,1,0,0
SP1,2015-05-23,Almeria,Valencia,2,3,A,10,9,3,5,3,6,2,4,0,1
SP1,2015-05-23,Eibar,Cordoba,3,0,H,12,15,6,5,4,5,1,0,0,0
SP1,2015-08-21,Malaga,Sevilla,0,0,D,25,10,5,2,7,2,3,3,0,1
SP1,2015-08-22,Vallecano,Valencia,0,0,D,8,10,3,4,3,3,3,1,0,0
SP1,2015-08-22,La Coruna,Sociedad,0,0,D,15,9,5,2,5,4,3,2,0,0
SP1,2015-08-22,Espanol,Getafe,1,0,H,4,14,2,3,5,6,2,3,0,1
SP1,2015-08-22,Ath Madrid,Las Palmas,1,0,H,14,8,3,1,4,4,2,0,0,0
SP1,2015-08-23,Ath Bilbao,Barcelona,0,1,A,8,10,2,4,2,4,3,3,0,0
SP1,2015-08-23,Betis,Villarreal,1,1,D,22,8,6,4,7,5,3,1,0,1
SP1,2015-08-23,Levante,Celta,1,2,A,11,15,2,6,4,6,1,3,1,0
SP1,2015-08-23,Sp Gijon,Real Madrid,0,0,D,6,27,0,8,2,5,4,0,0,0
SP1,2015-08-24,Granada,Eibar,1,3,A,12,10,6,4,6,5,1,6,1,0
SP1,2015-08-28,Villarreal,Espanol,3,1,H,14,4,4,2,2,3,1,6,0,0
SP1,2015-08-29,Barcelona,Malaga,1,0,H,22,4,13,1,15,2,0,3,0,0
SP1,2015-08-29,Celta,Vallecano,3,0,H,11,3,7,0,5,4,2,2,0,1
SP1,2015-08-29,Real Madrid,Betis,5,0,H,21,7,11,1,11,4,3,3,0,0
SP1,2015-08-29,Sociedad,Sp Gijon,0,0,D,12,7,1,2,6,4,4,5,0,0
SP1,2015-08-30,Valencia,La Coruna,1,1,D,12,12,5,3,5,7,2,1,1,0
SP1,2015-08-30,Sevilla,Ath Madrid,0,3,A,25,17,7,7,11,1,3,4,0,0
SP1,2015-08-30,Las Palmas,Levante,0,0,D,16,3,2,2,3,0,2,4,0,0
SP1,2015-08-30,Getafe,Granada,1,2,A,16,9,4,4,6,6,5,3,0,0
SP1,2015-08-30,Eibar,Ath Bilbao,2,0,H,9,9,8,1,11,4,2,2,0,0
SP1,2015-09-13,Ath Bilbao,Getafe,3,1,H,14,11,6,3,12,5,1,4,0,0
SP1,2015-09-13,Celta,Las Palmas,3,3,D,26,9,12,5,7,2,0,3,0,1
SP1,2015-09-13,Granada,Villarreal,1,3,A,13,8,2,5,8,6,2,4,0,0
SP1,2015-09-13,Malaga,Eibar,0,0,D,10,7,4,0,7,3,2,4,0,0
SP1,2015-09-14,Vallecano,La Coruna,1,3,A,8,14,2,8,5,4,2,2,1,0
SP1,2015-09-18,Getafe,Malaga,1,0,H,10,13,4,3,4,7,5,2,0,0
SP1,2015-09-19,Eibar,Ath Madrid,0,2,A,9,14,3,6,1,4,2,1,0,0
SP1,2015-09-19,Real Madrid,Granada,1,0,H,20,12,10,3,10,1,1,3,0,0
SP1,2015-09-19,Sociedad,Espanol,2,3,A,10,18,3,6,7,6,2,3,1,0
SP1,2015-09-19,Valencia,Betis,0,0,D,22,3,5,1,7,1,4,2,0,1
SP1,2015-09-20,Villarreal,Ath Bilbao,3,1,H,14,11,7,2,9,4,4,4,0,0
SP1,2015-09-20,Sevilla,Celta,1,2,A,13,15,5,5,5,5,3,5,0,1
SP1,2015-09-20,Las Palmas,Vallecano,0,1,A,8,17,2,6,3,5,3,5,0,0
SP1,2015-09-20,La Coruna,Sp Gijon,2,3,A,19,4,9,4,8,3,3,3,0,0
SP1,2015-09-20,Barcelona,Levante,4,1,H,21,11,8,4,4,4,0,1,0,0
SP1,2015-09-22,Ath Madrid,Getafe,2,0,H,12,6,3,2,6,1,3,2,0,0
SP1,2015-09-22,Espanol,Valencia,1,0,H,17,10,5,4,7,6,5,7,0,0
SP1,2015-09-22,Granada,Sociedad,0,3,A,11,8,1,5,4,3,5,4,0,0
SP1,2015-09-23,Ath Bilbao,Real Madrid,1,2,A,11,22,5,6,6,8,4,3,0,0
SP1,2015-09-23,Celta,Barcelona,4,1,H,18,18,5,7,5,10,2,2,0,0
SP1,2015-09-23,Las Palmas,Sevilla,2,0,H,12,17,4,3,5,5,3,4,0,0
SP1,2015-09-23,Levante,Eibar,2,2,D,12,10,2,4,4,7,2,5,0,0
SP1,2015-09-23,Malaga,Villarreal,0,1,A,15,9,4,3,8,5,2,3,0,0
SP1,2015-09-23,Vallecano,Sp Gijon,2,1,H,18,5,6,2,4,4,2,1,0,1
SP1,2015-09-24,Betis,La Coruna,1,2,A,9,8,2,3,3,4,3,5,0,0
SP1,2015-09-25,Valencia,Granada,1,0,H,12,18,5,3,11,3,3,3,0,0
SP1,2015-09-26,Villarreal,Ath Madrid,1,0,H,5,9,2,4,1,5,2,2,0,0
SP1,2015-09-26,Sevilla,Vallecano,3,2,H,17,18,8,5,6,5,1,2,0,1
SP1,2015-09-26,Barcelona,Las Palmas,2,1,H,18,10,6,6,3,4,2,4,0,0
SP1,2015-09-26,Eibar,Celta,1,1,D,10,9,3,2,4,4,5,4,0,0
SP1,2015-09-26,Real Madrid,Malaga,0,0,D,31,12,9,3,12,6,4,4,0,1
SP1,2015-09-27,Getafe,Levante,3,0,H,15,10,8,3,4,4,2,3,0,0
SP1,2015-09-27,La Coruna,Espanol,3,0,H,14,7,5,3,7,5,4,3,0,1
SP1,2015-09-27,Sociedad,Ath Bilbao,0,0,D,14,9,4,2,4,2,3,4,0,0
SP1,2015-09-27,Sp Gijon,Betis,1,2,A,19,13,10,5,10,4,1,1,0,0
SP1,2015-10-17,Valencia,Malaga,3,0,H,6,10,3,3,6,8,3,3,0,0
SP1,2015-10-17,Barcelona,Vallecano,5,2,H,14,22,9,8,7,10,1,2,0,0
SP1,2015-10-17,Betis,Espanol,1,3,A,21,13,6,4,4,3,2,4,0,0
SP1,2015-10-17,Eibar,Sevilla,1,1,D,14,15,4,5,2,5,3,3,0,0
SP1,2015-10-17,Real Madrid,Levante,3,0,H,20,15,6,5,4,4,1,4,0,0
SP1,2015-10-18,Sociedad,Ath Madrid,0,2,A,11,7,1,3,5,2,4,5,2,0
SP1,2015-10-18,Villarreal,Celta,1,2,A,12,13,3,2,7,4,1,3,1,0
SP1,2015-10-18,Getafe,Las Palmas,4,0,H,14,16,7,3,5,1,2,1,0,1
SP1,2015-10-18,La Coruna,Ath Bilbao,2,2,D,16,7,3,2,4,6,2,2,0,0
SP1,2015-10-19,Sp Gijon,Granada,3,3,D,16,14,6,7,6,1,3,4,0,2
SP1,2015-10-23,Vallecano,Espanol,3,0,H,13,9,7,3,6,5,2,1,1,1
SP1,2015-10-24,Celta,Real Madrid,1,3,A,17,14,7,8,5,7,4,1,1,0
SP1,2015-10-24,Granada,Betis,1,1,D,17,7,7,2,3,3,3,3,0,0
SP1,2015-10-24,Malaga,La Coruna,2,0,H,9,10,4,1,3,5,0,1,0,0
SP1,2015-10-24,Sevilla,Getafe,5,0,H,22,6,13,0,7,3,1,1,0,1
SP1,2015-10-25,Ath Madrid,Valencia,2,1,H,16,6,8,1,9,2,4,4,0,0
SP1,2015-10-25,Barcelona,Eibar,3,1,H,14,7,5,5,6,2,3,5,1,0
SP1,2015-10-25,Las Palmas,Villarreal,0,0,D,6,5,2,0,6,6,1,2,0,0
SP1,2015-10-25,Levante,Sociedad,0,4,A,13,13,3,6,10,3,4,3,1,0
SP1,2015-10-26,Ath Bilbao,Sp Gijon,3,0,H,20,6,6,0,9,3,1,3,0,0
SP1,2015-10-30,La Coruna,Ath Madrid,1,1,D,7,12,3,3,1,5,2,0,0,0
SP1,2015-10-31,Villarreal,Sevilla,2,1,H,11,6,5,3,7,5,5,3,0,0
SP1,2015-10-31,Valencia,Levante,3,0,H,13,10,6,5,5,5,2,3,0,0
SP1,2015-10-31,Real Madrid,Las Palmas,3,1,H,17,8,11,5,6,3,0,3,0,0
SP1,2015-10-31,Getafe,Barcelona,0,2,A,6,14,0,6,3,5,3,0,0,0
SP1,2015-10-31,Sociedad,Celta,2,3,A,20,16,5,8,8,7,2,5,0,0
SP1,2015-11-21,Espanol,Malaga,2,0,H,7,14,3,5,3,8,3,2,0,0
SP1,2015-11-21,La Coruna,Celta,2,0,H,5,6,2,4,2,10,6,3,0,0
SP1,2015-11-21,Real Madrid,Barcelona,0,4,A,13,18,7,7,10,4,3,2,1,0
SP1,2015-11-21,Sociedad,Sevilla,2,0,H,14,12,7,5,7,5,2,1,0,0
SP1,2015-11-21,Valencia,Las Palmas,1,1,D,9,18,3,7,1,8,3,3,0,0
SP1,2015-11-22,Betis,Ath Madrid,0,1,A,6,11,3,4,2,6,1,4,0,0
SP1,2015-11-22,Granada,Ath Bilbao,2,0,H,8,11,1,6,2,7,6,3,0,0
SP1,2015-11-22,Sp Gijon,Levante,0,3,A,13,13,2,6,5,3,4,5,0,0
SP1,2015-11-22,Villarreal,Eibar,1,1,D,12,17,5,7,12,6,3,2,0,1
SP1,2015-11-23,Getafe,Vallecano,1,1,D,15,8,8,4,5,7,5,4,0,0
SP1,2015-11-27,Levante,Betis,0,1,A,14,11,1,5,7,4,6,4,1,1
SP1,2015-11-28,Malaga,Granada,2,2,D,12,11,7,4,7,4,2,6,1,0
SP1,2015-11-28,Las Palmas,La Coruna,0,2,A,8,10,5,5,6,4,4,3,0,0
SP1,2015-11-28,Ath Madrid,Espanol,1,0,H,21,5,6,0,6,2,0,4,0,0
SP1,2015-11-28,Barcelona,Sociedad,4,0,H,11,10,6,2,6,4,0,5,0,0
SP1,2015-11-28,Celta,Sp Gijon,2,1,H,6,9,4,2,3,5,3,0,0,0
SP1,2015-11-29,Eibar,Real Madrid,0,2,A,8,17,3,6,6,5,3,4,0,0
SP1,2015-11-29,Getafe,Villarreal,2,0,H,11,7,5,0,6,6,4,2,0,0
SP1,2015-11-29,Sevilla,Valencia,1,0,H,15,0,5,0,17,0,3,2,0,2
SP1,2015-11-29,Vallecano,Ath Bilbao,0,3,A,15,10,3,4,6,2,4,0,0,1
SP1,2015-12-13,Ath Madrid,Ath Bilbao,2,1,H,8,10,4,5,3,6,1,1,0,0
SP1,2015-12-13,Eibar,Valencia,1,1,D,14,6,5,1,9,2,4,4,1,1
SP1,2015-12-13,Vallecano,Malaga,1,2,A,13,15,3,5,6,7,1,2,0,0
SP1,2015-12-13,Villarreal,Real Madrid,1,0,H,7,20,3,1,3,9,2,2,0,0
SP1,2015-12-19,La Coruna,Eibar,2,0,H,13,13,3,1,9,8,0,2,1,0
SP1,2015-12-19,Valencia,Getafe,2,2,D,12,9,7,3,5,1,2,6,0,0
SP1,2015-12-19,Betis,Sevilla,0,0,D,12,8,0,2,8,8,7,5,0,0
SP1,2015-12-19,Espanol,Las Palmas,1,0,H,12,9,2,4,7,5,4,4,0,0
SP1,2015-12-20,Ath Bilbao,Levante,2,0,H,18,6,7,1,10,3,0,5,0,0
SP1,2015-12-20,Granada,Celta,0,2,A,11,10,1,4,9,3,4,2,0,0
SP1,2015-12-20,Malaga,Ath Madrid,1,0,H,17,6,4,3,4,1,3,4,0,1
SP1,2015-12-20,Real Madrid,Vallecano,10,2,H,30,9,15,4,10,4,1,2,0,2
SP1,2015-12-20,Sociedad,Villarreal,0,2,A,16,7,2,5,9,1,2,1,0,0
SP1,2015-12-30,Sevilla,Espanol,2,0,H,15,12,10,1,6,6,3,3,0,0
SP1,2015-12-30,Barcelona,Betis,4,0,H,16,11,7,4,2,3,1,3,0,0
SP1,2015-12-30,Celta,Ath Bilbao,0,1,A,7,13,3,5,3,3,3,4,0,0
SP1,2015-12-30,Eibar,Sp Gijon,2,0,H,16,6,5,0,5,7,3,3,0,0
SP1,2015-12-30,Getafe,La Coruna,0,0,D,15,10,5,3,9,2,3,1,0,0
SP1,2015-12-30,Las Palmas,Granada,4,1,H,7,11,4,4,4,4,2,5,0,1
SP1,2015-12-30,Levante,Malaga,0,1,A,7,9,1,5,6,5,7,5,0,0
SP1,2015-12-30,Real Madrid,Sociedad,3,1,H,23,13,13,2,13,2,1,4,0,0
SP1,2015-12-30,Vallecano,Ath Madrid,0,2,A,10,17,3,6,3,8,3,3,0,0
SP1,2015-12-31,Villarreal,Valencia,1,0,H,9,6,3,2,3,6,1,3,0,0
SP1,2016-01-16,Celta,Levante,4,3,H,14,17,6,7,6,2,1,4,0,0
SP1,2016-01-16,Sevilla,Malaga,2,1,H,8,14,4,3,6,4,2,2,1,1
SP1,2016-01-16,Sociedad,La Coruna,1,1,D,16,7,6,4,9,4,1,3,0,0
SP1,2016-01-16,Villarreal,Betis,0,0,D,9,15,2,2,7,11,2,1,0,0
SP1,2016-01-17,Real Madrid,Sp Gijon,5,1,H,17,9,10,2,4,4,1,1,0,0
SP1,2016-01-17,Las Palmas,Ath Madrid,0,3,A,11,11,3,5,3,4,0,2,0,0
SP1,2016-01-17,Valencia,Vallecano,2,2,D,13,18,5,8,7,9,1,3,0,0
SP1,2016-01-17,Barcelona,Ath Bilbao,6,0,H,20,9,8,3,6,2,2,2,0,1
SP1,2016-01-17,Getafe,Espanol,3,1,H,18,13,4,6,3,7,2,2,0,0
SP1,2016-01-18,Eibar,Granada,5,1,H,12,4,7,1,3,2,1,4,0,0
SP1,2016-01-22,Sp Gijon,Sociedad,5,1,H,11,9,7,3,6,2,2,2,0,0
SP1,2016-01-23,Espanol,Villarreal,2,2,D,11,14,5,5,3,9,3,1,1,0
SP1,2016-01-23,Granada,Getafe,3,2,H,20,9,9,2,5,3,3,3,0,0
SP1,2016-01-23,Malaga,Barcelona,1,2,A,15,12,9,6,4,3,3,3,0,0
SP1,2016-01-23,Vallecano,Celta,3,0,H,26,3,10,1,7,1,3,5,0,0
SP1,2016-01-24,La Coruna,Valencia,1,1,D,10,10,2,3,8,6,3,3,0,0
SP1,2016-01-24,Betis,Real Madrid,1,1,D,4,18,2,8,1,9,3,2,0,0
SP1,2016-01-24,Ath Bilbao,Eibar,5,2,H,10,9,5,2,7,2,2,2,0,0
SP1,2016-01-24,Ath Madrid,Sevilla,0,0,D,21,7,3,1,8,5,4,3,0,1
SP1,2016-01-25,Levante,Las Palmas,3,2,H,12,13,8,4,2,4,2,4,1,0
SP1,2016-01-30,Barcelona,Ath Madrid,2,1,H,10,7,4,4,8,6,0,3,0,2
SP1,2016-01-30,Eibar,Malaga,1,2,A,11,7,3,4,1,2,1,3,0,0
SP1,2016-01-30,Getafe,Ath Bilbao,0,1,A,11,13,3,3,7,5,2,5,1,0
SP1,2016-01-30,Sociedad,Betis,2,1,H,11,8,4,1,3,4,1,4,0,0
SP1,2016-01-30,Villarreal,Granada,1,0,H,12,7,6,2,8,0,4,3,0,0
SP1,2016-01-31,Las Palmas,Celta,2,1,H,13,5,5,2,7,3,6,2,0,1
SP1,2016-01-31,Real Madrid,Espanol,6,0,H,18,15,7,5,3,1,1,5,0,0
SP1,2016-01-31,Sevilla,Levante,3,1,H,14,22,8,4,5,9,1,1,0,0
SP1,2016-01-31,Valencia,Sp Gijon,0,1,A,16,7,3,3,6,3,0,2,0,0
SP1,2016-02-13,Villarreal,Malaga,1,0,H,12,7,5,2,5,1,2,1,0,0
SP1,2016-02-13,Valencia,Espanol,2,1,H,17,19,4,6,9,9,1,3,0,0
SP1,2016-02-13,Real Madrid,Ath Bilbao,4,2,H,19,10,9,3,5,2,1,2,1,0
SP1,2016-02-13,La Coruna,Betis,2,2,D,25,4,11,2,11,0,1,0,0,0
SP1,2016-02-14,Barcelona,Celta,6,1,H,19,10,11,4,1,1,0,4,0,0
SP1,2016-02-14,Eibar,Levante,2,0,H,15,8,6,3,8,2,3,2,0,0
SP1,2016-02-14,Getafe,Ath Madrid,0,1,A,11,6,0,3,5,4,2,3,0,0
SP1,2016-02-14,Sevilla,Las Palmas,2,0,H,9,11,5,3,8,3,1,3,0,0
SP1,2016-02-14,Sociedad,Granada,3,0,H,12,15,6,2,7,13,1,2,0,0
SP1,2016-02-17,Sp Gijon,Barcelona,1,3,A,6,17,2,8,1,4,2,1,0,0
SP1,2016-02-19,Levante,Getafe,3,0,H,12,14,6,6,6,8,2,2,0,0
SP1,2016-02-20,Betis,Sp Gijon,1,1,D,17,4,6,3,10,4,2,3,0,0
SP1,2016-02-20,Celta,Eibar,3,2,H,14,7,9,3,6,1,3,2,0,0
SP1,2016-02-20,Espanol,La Coruna,1,0,H,16,17,9,3,7,4,3,1,0,0
SP1,2016-02-20,Las Palmas,Barcelona,1,2,A,16,13,3,8,3,6,1,2,0,0
SP1,2016-02-21,Vallecano,Sevilla,2,2,D,13,14,4,7,3,17,6,2,0,0
SP1,2016-02-21,Malaga,Real Madrid,1,1,D,11,14,5,7,6,6,5,2,0,0
SP1,2016-02-21,Granada,Valencia,1,2,A,15,10,4,6,6,3,2,3,0,0
SP1,2016-02-21,Ath Madrid,Villarreal,0,0,D,12,5,3,0,10,2,2,2,0,0
SP1,2016-02-21,Ath Bilbao,Sociedad,0,1,A,9,9,2,4,9,3,7,6,0,0
SP1,2016-02-26,Eibar,Las Palmas,0,1,A,10,12,4,4,6,6,4,1,0,0
SP1,2016-02-27,Betis,Vallecano,2,2,D,20,11,4,4,8,8,2,3,0,0
SP1,2016-02-27,Getafe,Celta,0,1,A,14,9,2,3,4,5,3,4,0,0
SP1,2016-02-27,Real Madrid,Ath Madrid,0,1,A,15,9,3,5,2,5,3,4,0,0
SP1,2016-02-27,Sociedad,Malaga,1,1,D,11,8,3,3,8,3,4,5,0,0
SP1,2016-02-27,Sp Gijon,Espanol,2,4,A,13,12,5,7,5,2,5,2,1,0
SP1,2016-02-28,Barcelona,Sevilla,2,1,H,17,11,8,4,6,7,3,2,0,0
SP1,2016-02-28,La Coruna,Granada,0,1,A,13,10,2,3,6,6,2,3,1,0
SP1,2016-02-28,Valencia,Ath Bilbao,0,3,A,9,13,3,4,7,7,2,0,0,0
SP1,2016-02-28,Villarreal,Levante,3,0,H,9,7,3,1,3,4,0,2,0,1
SP1,2016-03-13,Sevilla,Villarreal,4,2,H,14,13,4,6,5,8,1,1,1,0
SP1,2016-03-13,Levante,Valencia,1,0,H,13,6,6,1,8,0,2,4,0,0
SP1,2016-03-13,Ath Bilbao,Betis,3,1,H,18,3,9,1,5,6,1,0,0,0
SP1,2016-03-13,Las Palmas,Real Madrid,1,2,A,15,12,6,4,6,5,4,3,0,1
SP1,2016-03-14,Granada,Espanol,1,1,D,8,10,1,2,2,8,5,3,1,0
SP1,2016-03-18,Getafe,Eibar,1,1,D,8,20,4,6,3,3,1,2,0,0
SP1,2016-03-19,Betis,Malaga,0,1,A,16,13,5,5,5,7,3,2,0,0
SP1,2016-03-19,Granada,Vallecano,2,2,D,11,22,2,6,6,12,1,5,1,0
SP1,2016-03-19,La Coruna,Levante,2,1,H,15,7,6,1,2,1,2,3,0,0
SP1,2016-03-19,Sociedad,Las Palmas,0,1,A,13,12,3,7,11,5,4,5,0,0
SP1,2016-03-19,Sp Gijon,Ath Madrid,2,1,H,12,4,3,1,7,2,5,2,0,0
SP1,2016-03-20,Villarreal,Barcelona,2,2,D,15,15,6,6,4,4,8,4,0,0
SP1,2016-03-20,Espanol,Ath Bilbao,2,1,H,16,14,7,4,6,2,3,3,0,0
SP1,2016-03-20,Real Madrid,Sevilla,4,0,H,26,8,12,4,8,8,2,2,0,0
SP1,2016-03-20,Valencia,Celta,0,2,A,14,13,4,6,4,5,1,0,0,0
SP1,2016-04-15,Levante,Espanol,2,1,H,12,10,4,2,4,6,5,0,0,0
SP1,2016-04-16,Las Palmas,Sp Gijon,1,1,D,10,12,4,2,3,10,2,5,0,0
SP1,2016-04-16,Getafe,Real Madrid,1,5,A,12,21,5,11,5,6,4,1,0,0
SP1,2016-04-16,Celta,Betis,1,1,D,18,9,5,4,12,4,4,3,0,0
SP1,2016-04-16,Eibar,Sociedad,2,1,H,9,7,4,4,2,0,3,3,0,0
SP1,2016-04-17,Ath Madrid,Granada,3,0,H,8,11,3,0,4,2,3,5,0,0
SP1,2016-04-17,Barcelona,Valencia,1,2,A,22,7,7,2,7,2,3,3,0,0
SP1,2016-04-17,Malaga,Ath Bilbao,0,1,A,17,6,7,3,8,2,3,5,0,0
SP1,2016-04-17,Sevilla,La Coruna,1,1,D,12,5,3,4,10,0,2,2,0,0
SP1,2016-04-17,Vallecano,Villarreal,2,1,H,14,6,6,2,4,3,2,3,0,0
SP1,2016-04-19,Betis,Las Palmas,1,0,H,20,3,6,0,6,3,2,1,0,1
SP1,2016-04-19,Espanol,Celta,1,1,D,8,3,3,1,2,2,1,1,0,0
SP1,2016-04-20,Sp Gijon,Sevilla,2,1,H,14,18,2,8,5,7,2,1,0,0
SP1,2016-04-20,Valencia,Eibar,4,0,H,9,9,6,2,6,3,1,2,0,0
SP1,2016-04-20,Real Madrid,Villarreal,3,0,H,20,5,6,2,11,1,2,1,0,0
SP1,2016-04-20,Malaga,Vallecano,1,1,D,12,11,4,4,7,7,1,3,0,0
SP1,2016-04-20,La Coruna,Barcelona,0,8,A,16,19,5,10,6,2,1,0,0,0
SP1,2016-04-20,Ath Bilbao,Ath Madrid,0,1,A,12,8,6,2,6,4,0,0,0,0
SP1,2016-04-21,Granada,Levante,5,1,H,13,15,6,5,3,4,6,5,0,1
SP1,2016-04-21,Sociedad,Getafe,1,2,A,14,7,5,3,8,2,2,4,0,0
SP1,2016-04-22,Las Palmas,Espanol,4,0,H,14,11,9,5,5,5,4,4,0,0
SP1,2016-04-23,Ath Madrid,Malaga,1,0,H,14,7,4,4,10,4,3,3,0,0
SP1,2016-04-23,Barcelona,Sp Gijon,6,0,H,24,5,10,3,6,1,0,2,0,1
SP1,2016-04-23,Eibar,La Coruna,1,1,D,9,9,2,1,11,7,0,1,0,0
SP1,2016-04-23,Vallecano,Real Madrid,2,3,A,11,16,6,6,4,6,6,1,0,0
SP1,2016-04-24,Sevilla,Betis,2,0,H,13,8,3,2,8,5,5,4,0,0
SP1,2016-04-24,Villarreal,Sociedad,0,0,D,8,7,3,2,3,5,4,1,0,0
SP1,2016-04-24,Getafe,Valencia,2,2,D,18,5,11,4,8,2,4,1,0,0
SP1,2016-04-24,Levante,Ath Bilbao,2,2,D,10,19,5,8,4,9,2,1,0,0
SP1,2016-04-25,Celta,Granada,2,1,H,15,11,4,3,4,4,2,2,0,0
SP1,2016-04-29,Sp Gijon,Eibar,2,0,H,3,12,3,6,1,5,2,2,0,0
SP1,2016-04-30,Ath Madrid,Vallecano,1,0,H,12,13,6,3,5,7,1,1,0,0
SP1,2016-04-30,Betis,Barcelona,0,2,A,2,11,1,4,2,4,3,3,1,0
SP1,2016-04-30,Granada,Las Palmas,3,2,H,14,12,5,6,4,3,3,2,0,0
SP1,2016-04-30,Sociedad,Real Madrid,0,1,A,11,18,4,6,6,6,4,4,0,0
SP1,2016-05-13,Valencia,Sociedad,0,1,A,8,14,0,7,4,6,2,2,0,0
SP1,2016-05-14,Ath Bilbao,Sevilla,3,1,H,13,8,6,4,7,6,1,2,1,2
SP1,2016-05-14,Ath Madrid,Celta,2,0,H,12,7,5,4,4,4,4,5,0,0
SP1,2016-05-14,Granada,Barcelona,0,3,A,8,12,2,10,5,6,5,2,0,0
SP1,2016-05-14,La Coruna,Real Madrid,0,2,A,10,16,2,5,4,8,1,3,0,0
SP1,2016-05-15,Sp Gijon,Villarreal,2,0,H,16,10,7,5,4,1,1,2,0,0
SP1,2016-05-15,Malaga,Las Palmas,4,1,H,14,12,8,7,3,6,1,1,0,0
SP1,2016-05-15,Vallecano,Levante,3,1,H,21,8,9,2,9,3,1,3,0,0
SP1,2016-05-15,Betis,Getafe,2,1,H,7,14,4,5,3,2,1,8,0,1
SP1,2016-05-15,Espanol,Eibar,4,2,H,11,13,7,8,3,4,4,3,0,0
SP1,2016-08-19,Malaga,Osasuna,1,1,D,14,8,4,3,5,3,2,3,0,0
SP1,2016-08-19,La Coruna,Eibar,2,1,H,11,12,6,6,1,8,3,3,0,0
SP1,2016-08-20,Barcelona,Betis,6,2,H,30,6,12,2,10,2,1,3,0,0
SP1,2016-08-20,Granada,Villarreal,1,1,D,7,12,1,3,7,3,2,3,0,0
SP1,2016-08-20,Sevilla,Espanol,6,4,H,16,10,11,7,8,2,2,2,0,0
SP1,2016-08-21,Ath Madrid,Alaves,1,1,D,27,2,6,1,20,2,0,4,0,0
SP1,2016-08-21,Sociedad,Real Madrid,0,3,A,8,18,0,8,4,7,2,3,0,0
SP1,2016-08-21,Sp Gijon,Ath Bilbao,2,1,H,12,13,4,4,2,5,3,3,0,0
SP1,2016-08-22,Celta,Leganes,0,1,A,10,15,2,6,8,4,4,1,0,1
SP1,2016-08-22,Valencia,Las Palmas,2,4,A,17,6,8,4,12,1,2,2,0,0
SP1,2016-08-26,Betis,La Coruna,0,0,D,15,12,5,1,13,2,0,2,0,0
SP1,2016-08-26,Espanol,Malaga,2,2,D,7,9,2,3,3,4,2,4,0,0
SP1,2016-08-27,Eibar,Valencia,1,0,H,13,13,6,3,6,10,2,2,0,0
SP1,2016-08-27,Leganes,Ath Madrid,0,0,D,6,10,1,3,1,8,3,1,0,0
SP1,2016-08-27,Osasuna,Sociedad,0,2,A,8,5,3,4,10,1,2,1,0,0
SP1,2016-08-27,Real Madrid,Celta,2,1,H,24,8,10,3,7,2,0,2,0,0
SP1,2016-08-28,Villarreal,Sevilla,0,0,D,12,6,5,0,5,1,1,3,0,0
SP1,2016-08-28,Las Palmas,Granada,5,1,H,15,13,10,2,6,4,5,1,0,0
SP1,2016-08-28,Alaves,Sp Gijon,0,0,D,13,7,2,1,4,6,1,1,0,0
SP1,2016-08-28,Ath Bilbao,Barcelona,0,1,A,9,12,4,3,4,4,5,4,0,0
SP1,2016-09-16,Betis,Granada,2,2,D,23,15,7,8,7,3,4,3,1,1
SP1,2016-09-17,Ath Madrid,Sp Gijon,5,0,H,18,10,7,1,1,4,0,2,0,0
SP1,2016-09-17,Eibar,Sevilla,1,1,D,10,8,2,4,4,2,1,1,2,0
SP1,2016-09-17,Las Palmas,Malaga,1,0,H,6,10,2,2,2,2,3,1,0,0
SP1,2016-09-17,Leganes,Barcelona,1,5,A,15,10,6,7,2,5,4,2,0,0
SP1,2016-09-18,Ath Bilbao,Valencia,2,1,H,13,10,4,2,7,1,4,4,0,0
SP1,2016-09-18,Espanol,Real Madrid,0,2,A,11,13,2,7,4,5,4,2,0,0
SP1,2016-09-18,Osasuna,Celta,0,0,D,9,13,2,5,3,5,4,1,0,0
SP1,2016-09-18,Villarreal,Sociedad,2,1,H,9,15,4,2,3,6,2,3,0,1
SP1,2016-09-19,Alaves,La Coruna,0,0,D,9,16,1,1,4,5,3,4,0,0
SP1,2016-09-20,Sevilla,Betis,1,0,H,12,8,3,3,6,2,5,4,0,0
SP1,2016-09-20,Malaga,Eibar,2,1,H,14,12,6,3,7,5,2,4,0,0
SP1,2016-09-21,Barcelona,Ath Madrid,1,1,D,19,9,7,4,8,2,2,4,0,0
SP1,2016-09-21,Celta,Sp Gijon,2,1,H,16,4,5,1,8,0,2,3,0,0
SP1,2016-09-21,Granada,Ath Bilbao,1,2,A,13,13,2,8,6,3,1,0,0,0
SP1,2016-09-21,Real Madrid,Villarreal,1,1,D,22,8,6,3,17,3,4,1,0,0
SP1,2016-09-21,Sociedad,Las Palmas,4,1,H,17,8,7,3,7,4,1,2,0,1
SP1,2016-09-22,La Coruna,Leganes,1,2,A,12,8,5,2,7,1,0,3,0,0
SP1,2016-09-22,Osasuna,Espanol,1,2,A,17,10,11,2,7,1,2,1,0,0
SP1,2016-09-22,Valencia,Alaves,2,1,H,12,8,2,1,7,4,2,3,0,0
SP1,2016-09-23,Betis,Malaga,1,0,H,11,16,4,6,6,5,4,6,0,0
SP1,2016-09-24,Ath Bilbao,Sevilla,3,1,H,14,5,7,2,4,5,2,2,0,1
SP1,2016-09-24,Eibar,Sociedad,2,0,H,17,3,3,0,5,3,4,2,0,1
SP1,2016-09-24,Las Palmas,Real Madrid,2,2,D,8,27,6,11,0,5,3,2,0,0
SP1,2016-09-24,Sp Gijon,Barcelona,0,5,A,10,13,3,7,4,3,1,0,1,0
SP1,2016-09-25,Villarreal,Osasuna,3,1,H,12,11,5,3,5,5,0,2,0,0
SP1,2016-09-25,Leganes,Valencia,1,2,A,7,10,3,4,1,5,4,4,0,0
SP1,2016-09-25,Ath Madrid,La Coruna,1,0,H,21,8,5,1,10,0,1,2,0,1
SP1,2016-09-25,Espanol,Celta,0,2,A,10,12,2,4,4,7,2,3,0,0
SP1,2016-09-26,Alaves,Granada,3,1,H,16,13,6,3,5,6,3,3,0,0
SP1,2016-09-30,Sociedad,Betis,1,0,H,16,5,8,2,4,2,2,3,0,0
SP1,2016-10-14,Las Palmas,Espanol,0,0,D,13,5,8,2,8,4,2,3,0,0
SP1,2016-10-15,Ath Madrid,Granada,7,1,H,17,9,11,2,11,3,1,1,0,0
SP1,2016-10-15,Barcelona,La Coruna,4,0,H,25,7,8,0,8,2,1,2,0,1
SP1,2016-10-15,Betis,Real Madrid,1,6,A,13,22,2,9,2,5,4,1,0,0
SP1,2016-10-15,Leganes,Sevilla,2,3,A,19,5,6,4,5,2,2,5,0,0
SP1,2016-10-16,Sp Gijon,Valencia,1,2,A,10,7,2,3,4,4,5,1,0,0
SP1,2016-10-16,Alaves,Malaga,1,1,D,8,12,4,5,6,7,3,3,1,1
SP1,2016-10-16,Ath Bilbao,Sociedad,3,2,H,15,6,11,3,7,4,3,3,0,0
SP1,2016-10-16,Villarreal,Celta,5,0,H,11,4,5,1,3,5,1,4,0,1
SP1,2016-10-17,Eibar,Osasuna,2,3,A,13,8,5,4,5,0,1,2,0,0
SP1,2016-10-21,Osasuna,Betis,1,2,A,13,12,5,6,6,4,3,2,1,0
SP1,2016-10-22,Espanol,Eibar,3,3,D,11,8,5,3,7,6,1,6,1,0
SP1,2016-10-22,Granada,Sp Gijon,0,0,D,12,3,1,3,3,3,4,1,0,0
SP1,2016-10-22,Sociedad,Alaves,3,0,H,16,10,5,3,4,2,3,5,0,0
SP1,2016-10-22,Valencia,Barcelona,2,3,A,7,15,4,8,3,1,5,4,0,0
SP1,2016-10-23,Celta,La Coruna,4,1,H,9,11,7,1,5,4,3,5,0,0
SP1,2016-10-23,Malaga,Leganes,4,0,H,24,14,8,5,5,8,1,3,0,0
SP1,2016-10-23,Real Madrid,Ath Bilbao,2,1,H,24,10,8,3,6,4,2,3,0,0
SP1,2016-10-23,Sevilla,Ath Madrid,1,0,H,12,9,5,3,4,5,4,2,0,1
SP1,2016-10-23,Villarreal,Las Palmas,2,1,H,14,8,4,4,2,1,2,3,0,0
SP1,2016-10-28,Leganes,Sociedad,0,2,A,7,9,4,5,1,4,5,2,0,0
SP1,2016-10-29,Barcelona,Granada,1,0,H,15,1,5,0,8,1,1,4,0,0
SP1,2016-10-29,Sp Gijon,Sevilla,1,1,D,9,20,5,6,3,4,6,2,0,0
SP1,2016-10-29,Alaves,Real Madrid,1,4,A,8,15,3,5,4,3,5,1,0,0
SP1,2016-10-29,Ath Madrid,Malaga,4,2,H,16,6,7,3,6,2,2,4,1,1
SP1,2016-10-30,Ath Bilbao,Osasuna,1,1,D,18,7,4,3,9,2,2,1,0,0
SP1,2016-10-30,Betis,Espanol,0,1,A,13,10,5,5,8,3,3,3,0,0
SP1,2016-10-30,Eibar,Villarreal,2,1,H,13,6,9,1,3,7,2,3,0,0
SP1,2016-10-30,Las Palmas,Celta,3,3,D,17,9,8,6,8,1,2,6,0,1
SP1,2016-10-31,La Coruna,Valencia,1,1,D,16,10,4,3,5,6,1,5,0,0
SP1,2016-11-18,Betis,Las Palmas,2,0,H,10,9,3,3,4,5,0,1,0,0
SP1,2016-11-19,Ath Madrid,Real Madrid,0,3,A,16,12,5,7,8,6,4,2,0,0
SP1,2016-11-19,Barcelona,Malaga,0,0,D,28,4,8,1,14,1,0,2,0,2
SP1,2016-11-19,Eibar,Celta,1,0,H,12,6,5,2,7,0,2,5,0,2
SP1,2016-11-19,La Coruna,Sevilla,2,3,A,4,20,3,7,3,14,3,2,0,0
SP1,2016-11-20,Sp Gijon,Sociedad,1,3,A,4,20,1,9,3,5,2,1,0,0
SP1,2016-11-20,Alaves,Espanol,0,1,A,10,10,4,3,2,5,5,2,0,0
SP1,2016-11-20,Ath Bilbao,Villarreal,1,0,H,12,6,5,2,6,5,0,2,0,0
SP1,2016-11-20,Valencia,Granada,1,1,D,14,9,7,5,11,2,1,5,0,0
SP1,2016-11-21,Leganes,Osasuna,2,0,H,15,5,5,2,3,2,2,3,0,0
SP1,2016-11-25,Eibar,Betis,3,1,H,16,7,9,2,5,1,0,1,0,1
SP1,2016-11-26,Espanol,Leganes,3,0,H,8,8,4,3,3,4,1,2,0,0
SP1,2016-11-26,Malaga,La Coruna,4,3,H,10,24,4,8,2,5,3,1,0,0
SP1,2016-11-26,Real Madrid,Sp Gijon,2,1,H,19,9,7,3,5,6,1,3,0,0
SP1,2016-11-26,Sevilla,Valencia,2,1,H,6,10,1,4,3,6,0,1,0,0
SP1,2016-11-27,Celta,Granada,3,1,H,16,7,6,1,5,0,0,3,0,0
SP1,2016-11-27,Osasuna,Ath Madrid,0,3,A,11,7,1,5,7,4,2,2,0,0
SP1,2016-11-27,Sociedad,Barcelona,1,1,D,17,10,6,2,8,6,2,4,0,0
SP1,2016-11-27,Villarreal,Alaves,0,2,A,23,10,10,7,12,1,2,3,0,0
SP1,2016-11-28,Las Palmas,Ath Bilbao,3,1,H,10,10,4,3,5,3,3,4,0,1
SP1,2016-12-16,Alaves,Betis,1,0,H,10,6,2,3,6,4,6,1,0,0
SP1,2016-12-17,Sevilla,Malaga,4,1,H,9,16,5,3,3,6,2,3,1,0
SP1,2016-12-17,Sp Gijon,Villarreal,1,3,A,16,14,7,9,12,2,2,1,0,0
SP1,2016-12-17,Ath Madrid,Las Palmas,1,0,H,16,11,3,3,8,5,2,1,0,0
SP1,2016-12-17,Granada,Sociedad,0,2,A,10,18,4,6,5,9,0,1,0,0
SP1,2016-12-18,Barcelona,Espanol,4,1,H,14,4,7,1,5,2,0,3,0,0
SP1,2016-12-18,La Coruna,Osasuna,2,0,H,8,13,4,3,5,1,1,3,0,0
SP1,2016-12-18,Leganes,Eibar,1,1,D,8,15,2,4,3,6,2,2,1,0
SP1,2016-12-19,Ath Bilbao,Celta,2,1,H,10,10,7,4,9,7,4,2,0,1
SP1,2017-01-14,Ath Madrid,Betis,1,0,H,6,10,3,6,9,2,1,3,0,0
SP1,2017-01-14,Barcelona,Las Palmas,5,0,H,22,7,10,1,5,1,3,4,0,0
SP1,2017-01-14,La Coruna,Villarreal,0,0,D,13,4,3,1,10,0,0,1,0,0
SP1,2017-01-14,Leganes,Ath Bilbao,0,0,D,15,10,5,2,4,8,3,3,0,0
SP1,2017-01-15,Valencia,Espanol,2,1,H,10,6,5,3,6,3,5,0,0,0
SP1,2017-01-15,Celta,Alaves,1,0,H,13,9,4,1,7,4,4,3,0,1
SP1,2017-01-15,Granada,Osasuna,1,1,D,8,13,4,3,3,5,2,4,2,0
SP1,2017-01-15,Sevilla,Real Madrid,2,1,H,9,10,4,3,6,1,3,1,0,0
SP1,2017-01-15,Sp Gijon,Eibar,2,3,A,10,18,4,7,2,4,4,0,0,0
SP1,2017-01-16,Malaga,Sociedad,0,2,A,5,11,1,5,8,8,0,2,0,0
SP1,2017-01-20,Las Palmas,La Coruna,1,1,D,9,7,3,1,4,5,0,1,1,0
SP1,2017-01-21,Alaves,Leganes,2,2,D,8,13,3,4,4,3,3,2,0,0
SP1,2017-01-21,Espanol,Granada,3,1,H,17,7,8,4,10,5,0,3,0,0
SP1,2017-01-21,Real Madrid,Malaga,2,1,H,14,10,7,6,5,4,2,3,0,0
SP1,2017-01-21,Villarreal,Valencia,0,2,A,20,13,5,5,7,2,2,2,0,0
SP1,2017-01-22,Ath Bilbao,Ath Madrid,2,2,D,8,11,5,5,2,6,2,3,0,0
SP1,2017-01-22,Betis,Sp Gijon,0,0,D,16,7,4,1,9,5,2,2,0,0
SP1,2017-01-22,Eibar,Barcelona,0,4,A,14,14,6,7,8,5,3,1,0,0
SP1,2017-01-22,Osasuna,Sevilla,3,4,A,14,13,7,9,3,6,5,3,0,0
SP1,2017-01-22,Sociedad,Celta,1,0,H,17,11,6,5,4,3,2,2,0,0
SP1,2017-01-27,Osasuna,Malaga,1,1,D,14,14,2,5,4,6,1,0,0,0
SP1,2017-01-28,Villarreal,Granada,2,0,H,18,7,6,0,7,4,3,2,0,0
SP1,2017-01-28,Leganes,Celta,0,2,A,6,3,0,3,8,0,1,1,0,0
SP1,2017-01-28,Alaves,Ath Madrid,0,0,D,19,8,4,2,7,2,3,2,0,0
SP1,2017-01-28,Eibar,La Coruna,3,1,H,12,20,6,7,9,10,0,2,0,0
SP1,2017-01-29,Ath Bilbao,Sp Gijon,2,1,H,11,5,6,3,5,0,4,3,0,0
SP1,2017-01-29,Betis,Barcelona,1,1,D,17,10,7,4,8,2,2,3,0,0
SP1,2017-01-29,Espanol,Sevilla,3,1,H,16,12,8,5,7,4,2,2,0,1
SP1,2017-01-29,Real Madrid,Sociedad,3,0,H,7,9,4,3,0,3,2,1,0,1
SP1,2017-01-30,Las Palmas,Valencia,3,1,H,9,8,4,3,6,3,1,3,0,1
SP1,2017-02-13,Eibar,Granada,4,0,H,25,13,9,3,7,8,2,2,0,0
SP1,2017-02-17,Granada,Betis,4,1,H,10,6,8,2,4,7,4,1,1,1
SP1,2017-02-18,Sp Gijon,Ath Madrid,1,4,A,15,11,2,6,12,3,1,1,0,0
SP1,2017-02-18,La Coruna,Alaves,0,1,A,16,6,4,4,10,6,5,3,0,0
SP1,2017-02-18,Real Madrid,Espanol,2,0,H,12,3,3,1,13,2,3,4,0,0
SP1,2017-02-18,Sevilla,Eibar,2,0,H,11,11,5,3,5,2,2,3,0,0
SP1,2017-02-19,Sociedad,Villarreal,0,1,A,16,7,0,3,7,4,2,4,0,0
SP1,2017-02-19,Valencia,Ath Bilbao,2,0,H,15,15,5,5,3,1,0,1,0,0
SP1,2017-02-19,Barcelona,Leganes,2,1,H,13,11,6,6,4,4,1,3,0,0
SP1,2017-02-19,Celta,Osasuna,3,0,H,11,8,4,3,3,5,1,0,0,0
SP1,2017-02-20,Malaga,Las Palmas,2,1,H,13,13,6,4,2,6,3,3,1,0
SP1,2017-02-22,Valencia,Real Madrid,2,1,H,8,22,5,5,3,11,5,2,0,0
SP1,2017-02-24,Las Palmas,Sociedad,0,1,A,18,9,7,2,6,1,2,2,0,0
SP1,2017-02-25,Alaves,Valencia,2,1,H,13,5,5,2,2,1,4,2,0,1
SP1,2017-02-25,Betis,Sevilla,1,2,A,15,13,4,4,4,4,3,3,0,0
SP1,2017-02-25,Eibar,Malaga,3,0,H,8,4,4,2,2,2,2,4,0,1
SP1,2017-02-25,Leganes,La Coruna,4,0,H,7,11,5,3,2,7,2,5,0,1
SP1,2017-02-26,Ath Bilbao,Granada,3,1,H,14,7,7,2,0,3,1,5,0,0
SP1,2017-02-26,Ath Madrid,Barcelona,1,2,A,12,15,4,6,6,5,4,2,0,0
SP1,2017-02-26,Espanol,Osasuna,3,0,H,18,4,6,1,10,2,1,4,0,1
SP1,2017-02-26,Sp Gijon,Celta,1,1,D,20,16,6,5,7,5,2,4,1,0
SP1,2017-02-26,Villarreal,Real Madrid,2,3,A,11,25,4,6,5,5,4,1,0,0
SP1,2017-02-28,Valencia,Leganes,1,0,H,16,3,6,0,7,3,3,2,0,1
SP1,2017-02-28,Sociedad,Eibar,2,2,D,14,13,7,4,3,5,3,4,1,1
SP1,2017-02-28,Malaga,Betis,1,2,A,15,11,4,5,7,5,3,5,0,0
SP1,2017-03-13,Osasuna,Eibar,1,1,D,10,14,6,7,6,6,4,4,0,0
SP1,2017-03-17,Las Palmas,Villarreal,1,0,H,19,8,10,3,8,5,2,2,0,1
SP1,2017-03-18,Alaves,Sociedad,1,0,H,10,10,5,2,5,8,3,3,0,1
SP1,2017-03-18,Ath Bilbao,Real Madrid,1,2,A,12,9,5,4,5,5,1,4,0,0
SP1,2017-03-18,Betis,Osasuna,2,0,H,9,13,5,5,5,0,0,3,0,0
SP1,2017-03-18,Eibar,Espanol,1,1,D,16,4,4,1,6,2,2,4,0,0
SP1,2017-03-19,Ath Madrid,Sevilla,3,1,H,15,9,8,2,2,2,4,3,0,0
SP1,2017-03-19,Barcelona,Valencia,4,2,H,28,6,12,5,6,3,3,4,0,1
SP1,2017-03-19,La Coruna,Celta,0,1,A,9,9,2,2,3,1,4,4,0,0
SP1,2017-03-19,Leganes,Malaga,0,0,D,14,8,2,1,6,7,4,2,0,0
SP1,2017-03-19,Sp Gijon,Granada,3,1,H,15,12,11,5,6,3,2,4,0,0
SP1,2017-03-31,Espanol,Betis,2,1,H,8,10,5,3,4,4,3,2,0,0
SP1,2017-04-14,Ath Bilbao,Las Palmas,5,1,H,18,8,7,2,14,5,1,2,0,0
SP1,2017-04-15,Sp Gijon,Real Madrid,2,3,A,4,18,2,6,4,8,5,1,0,0
SP1,2017-04-15,La Coruna,Malaga,2,0,H,11,11,4,3,1,4,3,4,0,0
SP1,2017-04-15,Barcelona,Sociedad,3,2,H,16,14,9,7,5,4,3,2,0,0
SP1,2017-04-15,Ath Madrid,Osasuna,3,0,H,19,3,8,0,5,2,1,5,0,0
SP1,2017-04-16,Betis,Eibar,2,0,H,6,10,4,3,4,6,4,4,0,0
SP1,2017-04-16,Granada,Celta,0,3,A,17,15,4,4,8,1,5,2,0,0
SP1,2017-04-16,Leganes,Espanol,0,1,A,15,7,5,2,5,1,1,1,0,0
SP1,2017-04-16,Valencia,Sevilla,0,0,D,14,10,3,2,4,2,3,2,0,0
SP1,2017-04-17,Alaves,Villarreal,2,1,H,11,11,5,5,5,11,2,4,0,0
SP1,2017-04-21,Sevilla,Granada,2,0,H,28,9,12,2,7,2,1,2,0,0
SP1,2017-04-22,Espanol,Ath Madrid,0,1,A,10,13,2,3,5,3,3,2,0,0
SP1,2017-04-22,Malaga,Valencia,2,0,H,10,13,4,2,7,6,3,3,0,0
SP1,2017-04-22,Osasuna,Sp Gijon,2,2,D,7,12,1,4,1,5,3,4,0,0
SP1,2017-04-22,Villarreal,Leganes,2,1,H,11,8,5,4,3,8,1,3,0,0
SP1,2017-04-23,Sociedad,La Coruna,1,0,H,17,5,3,1,11,1,1,3,0,0
SP1,2017-04-23,Real Madrid,Barcelona,2,3,A,22,16,14,9,7,4,2,2,1,0
SP1,2017-04-23,Celta,Betis,0,1,A,8,17,4,6,5,6,3,5,0,0
SP1,2017-04-23,Las Palmas,Alaves,1,1,D,14,12,3,5,3,9,4,1,1,0
SP1,2017-04-24,Eibar,Ath Bilbao,0,1,A,7,9,2,3,5,5,4,2,1,0
SP1,2017-04-25,Ath Madrid,Villarreal,0,1,A,23,6,9,2,5,1,2,6,0,0
SP1,2017-04-25,Granada,Malaga,0,2,A,3,17,1,6,2,4,5,0,0,0
SP1,2017-04-25,Sp Gijon,Espanol,1,1,D,16,14,6,5,7,2,1,2,0,0
SP1,2017-04-26,Barcelona,Osasuna,7,1,H,19,3,9,2,10,1,0,0,0,0
SP1,2017-04-26,La Coruna,Real Madrid,2,6,A,19,22,7,11,4,5,3,1,0,0
SP1,2017-04-26,Leganes,Las Palmas,3,0,H,16,7,5,0,6,3,1,0,0,0
SP1,2017-04-26,Valencia,Sociedad,2,3,A,14,8,3,2,2,3,4,3,0,0
SP1,2017-04-27,Alaves,Eibar,0,0,D,14,6,4,4,3,2,4,2,0,1
SP1,2017-04-27,Ath Bilbao,Betis,2,1,H,18,9,9,3,11,1,1,3,0,0
SP1,2017-04-27,Sevilla,Celta,2,1,H,16,10,5,1,5,1,1,2,0,1
SP1,2017-04-28,Villarreal,Sp Gijon,3,1,H,18,14,6,7,4,7,2,1,0,0
SP1,2017-04-29,Sociedad,Granada,2,1,H,13,5,5,3,7,1,0,3,0,0
SP1,2017-04-29,Las Palmas,Ath Madrid,0,5,A,15,8,3,7,7,1,4,4,1,0
SP1,2017-04-29,Espanol,Barcelona,0,3,A,6,15,3,9,4,5,3,0,0,0
SP1,2017-04-29,Real Madrid,Valencia,2,1,H,20,9,5,2,2,3,3,4,0,0
SP1,2017-04-30,Betis,Alaves,1,4,A,11,9,3,5,4,0,1,5,0,0
SP1,2017-04-30,Celta,Ath Bilbao,0,3,A,5,22,0,12,0,11,1,1,0,0
SP1,2017-04-30,Eibar,Leganes,2,0,H,9,12,5,1,2,11,1,1,0,0
SP1,2017-04-30,Osasuna,La Coruna,2,2,D,16,15,5,5,7,7,2,3,0,0
SP1,2017-05-13,Espanol,Valencia,0,1,A,15,9,3,3,7,2,0,4,0,0
SP1,2017-05-13,Osasuna,Granada,2,1,H,19,9,7,3,8,3,1,3,0,0
SP1,2017-05-14,Real Madrid,Sevilla,4,1,H,14,11,7,6,4,5,4,2,0,0
SP1,2017-05-14,Villarreal,La Coruna,0,0,D,21,3,4,1,11,3,2,4,0,0
SP1,2017-05-14,Sociedad,Malaga,2,2,D,15,9,5,4,9,3,1,2,0,0
SP1,2017-05-14,Las Palmas,Barcelona,1,4,A,11,11,5,5,3,6,0,1,0,0
SP1,2017-05-14,Eibar,Sp Gijon,0,1,A,10,11,2,4,5,6,2,2,0,0
SP1,2017-05-14,Betis,Ath Madrid,1,1,D,13,5,5,2,3,5,4,4,0,0
SP1,2017-05-14,Ath Bilbao,Leganes,1,1,D,15,5,6,2,10,1,2,7,0,0
SP1,2017-05-14,Alaves,Celta,3,1,H,11,15,4,4,4,4,1,3,0,0
SP1,2017-05-17,Celta,Real Madrid,1,4,A,17,13,6,8,4,6,4,2,1,0
SP1,2017-05-19,Granada,Espanol,1,2,A,16,5,7,3,3,3,0,3,0,0
SP1,2017-05-20,La Coruna,Las Palmas,3,0,H,9,13,5,4,0,9,4,2,0,1
SP1,2017-05-20,Leganes,Alaves,1,1,D,15,17,4,5,8,4,0,1,0,0
SP1,2017-05-20,Sevilla,Osasuna,5,0,H,17,5,7,2,1,1,3,1,0,0
SP1,2017-05-20,Sp Gijon,Betis,2,2,D,11,21,5,9,2,3,0,2,0,0
SP1,2017-05-21,Celta,Sociedad,2,2,D,13,18,5,8,3,7,2,1,0,0
SP1,2017-05-21,Malaga,Real Madrid,0,2,A,22,16,6,8,9,7,2,0,0,0
SP1,2017-05-21,Ath Madrid,Ath Bilbao,3,1,H,12,16,4,1,2,5,2,0,0,0
SP1,2017-05-21,Barcelona,Eibar,4,2,H,18,6,11,4,10,4,1,2,0,1
SP1,2017-05-21,Valencia,Villarreal,1,3,A,16,14,5,6,9,0,2,2,0,0
SP1,2017-08-18,Valencia,Las Palmas,1,0,H,22,5,6,4,5,2,3,3,0,1
SP1,2017-08-18,Leganes,Alaves,1,0,H,16,6,9,3,4,2,0,1,0,0
SP1,2017-08-19,Girona,Ath Madrid,2,2,D,13,9,6,3,6,0,2,4,0,1
SP1,2017-08-19,Sevilla,Espanol,1,1,D,9,9,4,6,7,3,2,4,1,0
SP1,2017-08-19,Celta,Sociedad,2,3,A,16,13,5,6,5,4,3,1,0,0
SP1,2017-08-20,Ath Bilbao,Getafe,0,0,D,12,8,2,2,7,6,1,3,0,1
SP1,2017-08-20,Barcelona,Betis,2,0,H,15,3,2,0,8,0,2,1,0,0
SP1,2017-08-20,La Coruna,Real Madrid,0,3,A,12,16,6,8,4,4,5,1,0,1
SP1,2017-08-21,Levante,Villarreal,1,0,H,14,9,3,1,11,6,1,3,0,0
SP1,2017-08-21,Malaga,Eibar,0,1,A,10,13,4,6,3,7,2,3,0,0
SP1,2017-08-25,Betis,Celta,2,1,H,10,9,3,2,4,6,2,2,0,0
SP1,2017-08-25,Sociedad,Villarreal,3,0,H,15,6,9,1,10,4,2,2,0,0
SP1,2017-08-26,Alaves,Barcelona,0,2,A,11,23,2,11,1,14,2,3,0,0
SP1,2017-08-26,Girona,Malaga,1,0,H,15,7,4,2,2,3,3,4,0,0
SP1,2017-08-26,Las Palmas,Ath Madrid,1,5,A,10,8,4,6,4,2,4,1,0,0
SP1,2017-08-26,Levante,La Coruna,2,2,D,24,11,5,4,6,5,0,2,1,0
SP1,2017-08-27,Real Madrid,Valencia,2,2,D,22,7,6,3,13,4,3,5,0,0
SP1,2017-08-27,Getafe,Sevilla,0,1,A,15,6,3,3,7,5,0,1,0,0
SP1,2017-08-27,Espanol,Leganes,0,1,A,17,12,2,8,9,1,3,3,0,0
SP1,2017-08-27,Eibar,Ath Bilbao,0,1,A,14,10,5,4,4,3,1,1,1,0
SP1,2017-09-15,Eibar,Leganes,1,0,H,10,5,4,2,8,1,2,5,0,0
SP1,2017-09-16,Ath Madrid,Malaga,1,0,H,17,9,4,4,8,4,2,2,0,0
SP1,2017-09-16,Betis,La Coruna,2,1,H,17,11,7,3,6,4,2,3,0,0
SP1,2017-09-16,Getafe,Barcelona,1,2,A,13,7,4,5,3,4,2,4,0,0
SP1,2017-09-16,Levante,Valencia,1,1,D,9,13,2,5,1,3,2,1,0,0
SP1,2017-09-17,Alaves,Villarreal,0,3,A,16,16,2,6,2,3,2,2,0,0
SP1,2017-09-17,Girona,Sevilla,0,1,A,13,13,0,8,8,1,2,5,0,0
SP1,2017-09-17,Las Palmas,Ath Bilbao,1,0,H,12,11,3,5,7,6,2,3,0,0
SP1,2017-09-17,Sociedad,Real Madrid,1,3,A,10,18,5,6,4,6,3,2,0,0
SP1,2017-09-18,Espanol,Celta,2,1,H,9,11,3,1,3,5,1,4,0,0
SP1,2017-09-19,Barcelona,Eibar,6,1,H,11,13,10,4,7,7,0,2,0,0
SP1,2017-09-19,Valencia,Malaga,5,0,H,16,11,11,2,4,9,0,1,0,0
SP1,2017-09-20,La Coruna,Alaves,1,0,H,15,8,3,3,5,2,0,2,0,0
SP1,2017-09-20,Sevilla,Las Palmas,1,0,H,14,6,9,0,12,0,2,2,0,0
SP1,2017-09-20,Real Madrid,Betis,0,1,A,27,12,7,4,12,3,0,3,0,0
SP1,2017-09-20,Ath Bilbao,Ath Madrid,1,2,A,12,16,7,9,6,0,0,2,0,0
SP1,2017-09-20,Leganes,Girona,0,0,D,12,10,1,0,6,3,2,3,0,0
SP1,2017-09-21,Celta,Getafe,1,1,D,8,10,4,3,3,2,2,4,0,0
SP1,2017-09-21,Levante,Sociedad,3,0,H,13,13,9,3,3,6,2,0,0,1
SP1,2017-09-21,Villarreal,Espanol,0,0,D,14,10,5,3,5,5,5,2,0,0
SP1,2017-09-23,Alaves,Real Madrid,1,2,A,8,21,3,7,5,13,5,2,0,0
SP1,2017-09-23,Ath Madrid,Sevilla,2,0,H,13,11,4,0,7,6,4,3,0,0
SP1,2017-09-23,Girona,Barcelona,0,3,A,13,9,2,5,9,3,3,0,0,0
SP1,2017-09-23,Malaga,Ath Bilbao,3,3,D,15,8,7,7,5,1,7,2,1,0
SP1,2017-09-24,Sociedad,Valencia,2,3,A,18,13,6,4,7,6,3,7,1,1
SP1,2017-09-24,Las Palmas,Leganes,0,2,A,8,9,3,3,3,2,1,3,0,0
SP1,2017-09-24,Getafe,Villarreal,4,0,H,17,6,8,1,7,4,1,4,0,0
SP1,2017-09-24,Espanol,La Coruna,4,1,H,17,21,5,6,4,6,1,2,0,0
SP1,2017-09-24,Eibar,Celta,0,4,A,9,10,0,6,4,4,2,1,0,0
SP1,2017-09-25,Betis,Levante,4,0,H,14,8,6,1,6,3,1,0,0,0
SP1,2017-09-29,Celta,Girona,3,3,D,16,10,9,6,5,6,2,5,0,0
SP1,2017-09-30,La Coruna,Getafe,2,1,H,15,10,9,3,8,5,6,3,0,0
SP1,2017-09-30,Leganes,Ath Madrid,0,0,D,7,11,3,2,2,6,2,1,0,0
SP1,2017-09-30,Levante,Alaves,0,2,A,13,8,0,3,8,4,2,4,0,0
SP1,2017-09-30,Sevilla,Malaga,2,0,H,12,11,5,4,4,6,2,1,0,0
SP1,2017-10-13,Espanol,Levante,0,0,D,20,13,6,3,9,4,2,3,0,0
SP1,2017-10-14,Ath Madrid,Barcelona,1,1,D,5,15,4,7,2,1,3,2,0,0
SP1,2017-10-14,Getafe,Real Madrid,1,2,A,8,16,3,6,4,7,2,3,0,0
SP1,2017-10-14,Alaves,Sociedad,0,2,A,8,13,0,6,4,9,1,1,0,0
SP1,2017-10-14,Ath Bilbao,Sevilla,1,0,H,15,14,2,6,6,6,5,5,0,0
SP1,2017-10-15,Eibar,La Coruna,0,0,D,15,11,6,3,10,1,2,2,0,0
SP1,2017-10-15,Girona,Villarreal,1,2,A,14,5,3,2,8,1,3,4,0,0
SP1,2017-10-15,Betis,Valencia,3,6,A,13,13,6,9,7,5,1,4,0,0
SP1,2017-10-15,Malaga,Leganes,0,2,A,13,19,5,9,4,2,4,3,1,0
SP1,2017-10-16,Las Palmas,Celta,2,5,A,24,14,11,7,14,3,2,1,0,1
SP1,2017-10-21,Barcelona,Malaga,2,0,H,12,13,4,5,4,3,1,4,0,0
SP1,2017-10-21,Betis,Alaves,2,0,H,12,7,5,3,6,5,2,2,0,0
SP1,2017-10-21,Levante,Getafe,1,1,D,5,9,1,5,3,2,1,3,0,0
SP1,2017-10-21,Valencia,Sevilla,4,0,H,18,18,8,5,7,10,2,4,0,0
SP1,2017-10-22,Celta,Ath Madrid,0,1,A,19,4,8,2,4,4,3,5,0,0
SP1,2017-10-22,Leganes,Ath Bilbao,1,0,H,15,7,4,1,4,3,3,4,0,0
SP1,2017-10-22,Real Madrid,Eibar,3,0,H,15,9,7,2,5,2,1,1,0,0
SP1,2017-10-22,Villarreal,Las Palmas,4,0,H,25,16,9,5,9,6,1,5,0,0
SP1,2017-10-23,La Coruna,Girona,1,2,A,15,13,6,6,9,7,3,8,0,0
SP1,2017-10-23,Sociedad,Espanol,1,1,D,19,4,5,1,10,1,4,4,1,0
SP1,2017-10-28,Sevilla,Leganes,2,1,H,9,10,5,1,5,6,0,3,0,0
SP1,2017-10-28,Ath Madrid,Villarreal,1,1,D,18,12,6,4,11,6,0,4,0,0
SP1,2017-10-28,Alaves,Valencia,1,2,A,16,7,6,2,6,4,5,1,0,0
SP1,2017-10-28,Ath Bilbao,Barcelona,0,2,A,17,17,5,5,6,4,1,4,0,0
SP1,2017-10-29,Eibar,Levante,2,2,D,16,3,6,2,6,2,1,3,0,0
SP1,2017-10-29,Getafe,Sociedad,2,1,H,10,15,5,4,8,7,3,2,0,0
SP1,2017-10-29,Girona,Real Madrid,2,1,H,15,15,4,6,2,7,2,1,0,0
SP1,2017-10-29,Malaga,Celta,2,1,H,15,10,4,2,4,1,2,3,0,0
SP1,2017-10-30,Espanol,Betis,1,0,H,10,9,4,4,5,3,2,5,0,0
SP1,2017-10-30,Las Palmas,La Coruna,1,3,A,13,15,5,5,8,5,1,1,0,0
SP1,2017-11-17,Girona,Sociedad,1,1,D,14,14,4,5,3,6,4,2,0,0
SP1,2017-11-18,Sevilla,Celta,2,1,H,12,11,5,5,1,2,3,2,0,0
SP1,2017-11-18,Ath Madrid,Real Madrid,0,0,D,7,14,1,3,7,9,6,2,0,0
SP1,2017-11-18,Getafe,Alaves,4,1,H,13,11,8,5,4,5,3,3,0,0
SP1,2017-11-18,Leganes,Barcelona,0,3,A,18,11,7,7,6,3,1,2,0,0
SP1,2017-11-19,Las Palmas,Levante,0,2,A,10,11,5,6,3,5,1,4,0,0
SP1,2017-11-19,Malaga,La Coruna,3,2,H,14,12,5,4,5,4,4,5,0,0
SP1,2017-11-19,Ath Bilbao,Villarreal,1,1,D,15,7,3,4,9,7,1,3,0,0
SP1,2017-11-19,Espanol,Valencia,0,2,A,12,7,4,3,3,4,0,4,0,0
SP1,2017-11-20,Eibar,Betis,5,0,H,17,4,7,0,5,2,2,2,0,1
SP1,2017-11-24,Celta,Leganes,1,0,H,14,9,7,2,3,4,2,3,0,0
SP1,2017-11-25,Alaves,Eibar,1,2,A,6,11,2,6,2,5,7,3,1,1
SP1,2017-11-25,Betis,Girona,2,2,D,12,13,6,7,3,5,2,1,0,0
SP1,2017-11-25,Levante,Ath Madrid,0,5,A,17,16,2,11,2,3,2,1,0,0
SP1,2017-11-25,Real Madrid,Malaga,3,2,H,16,9,9,3,6,0,1,2,0,0
SP1,2017-11-26,La Coruna,Ath Bilbao,2,2,D,14,10,4,3,5,2,4,1,0,0
SP1,2017-11-26,Sociedad,Las Palmas,2,2,D,16,8,3,7,11,3,4,3,1,0
SP1,2017-11-26,Valencia,Barcelona,1,1,D,8,12,1,8,3,9,4,0,0,0
SP1,2017-11-26,Villarreal,Sevilla,2,3,A,19,15,4,4,6,6,4,3,1,0
SP1,2017-11-27,Espanol,Getafe,1,0,H,10,7,5,4,6,4,3,6,0,0
SP1,2017-12-15,Sevilla,Levante,0,0,D,16,10,6,2,8,5,2,3,0,0
SP1,2017-12-16,Eibar,Valencia,2,1,H,15,7,3,3,5,6,1,4,0,0
SP1,2017-12-16,Ath Bilbao,Sociedad,0,0,D,7,10,1,2,6,6,3,0,0,0
SP1,2017-12-16,Ath Madrid,Alaves,1,0,H,10,11,4,0,4,4,3,4,0,0
SP1,2017-12-17,Barcelona,La Coruna,4,0,H,23,10,11,3,6,3,0,1,0,0
SP1,2017-12-17,Celta,Villarreal,0,1,A,10,8,3,5,2,2,1,3,0,0
SP1,2017-12-17,Girona,Getafe,1,0,H,9,7,2,0,1,7,2,6,0,0
SP1,2017-12-17,Las Palmas,Espanol,2,2,D,14,8,5,3,9,2,3,3,0,0
SP1,2017-12-18,Malaga,Betis,0,2,A,18,10,2,4,3,4,2,2,1,0
SP1,2017-12-19,Levante,Leganes,0,0,D,10,10,3,2,6,5,6,6,1,1
SP1,2017-12-20,Getafe,Las Palmas,2,0,H,13,17,7,6,3,1,3,1,0,0
SP1,2017-12-20,Sociedad,Sevilla,3,1,H,14,9,5,4,4,5,1,5,0,0
SP1,2017-12-21,Alaves,Malaga,1,0,H,10,10,5,3,4,4,3,4,0,0
SP1,2017-12-21,Eibar,Girona,4,1,H,16,6,6,1,3,2,1,2,0,0
SP1,2017-12-22,Espanol,Ath Madrid,1,0,H,7,9,4,1,2,3,2,5,0,0
SP1,2017-12-22,Betis,Ath Bilbao,0,2,A,16,19,6,7,6,9,1,2,1,0
SP1,2017-12-23,Valencia,Villarreal,0,1,A,22,9,3,2,14,1,7,5,1,1
SP1,2017-12-23,Real Madrid,Barcelona,0,3,A,14,18,5,11,7,7,2,2,1,0
SP1,2017-12-23,La Coruna,Celta,1,3,A,15,7,4,3,3,1,2,2,0,0
SP1,2018-01-13,Real Madrid,Villarreal,0,1,A,28,10,7,4,11,0,2,1,0,0
SP1,2018-01-13,La Coruna,Valencia,1,2,A,12,12,2,5,8,10,2,1,0,0
SP1,2018-01-13,Eibar,Ath Madrid,0,1,A,11,7,4,3,9,1,2,1,0,0
SP1,2018-01-13,Girona,Las Palmas,6,0,H,15,3,8,1,5,2,2,5,0,0
SP1,2018-01-14,Alaves,Sevilla,1,0,H,12,14,3,1,5,4,5,2,1,0
SP1,2018-01-14,Espanol,Ath Bilbao,1,1,D,11,8,3,3,4,2,2,4,0,0
SP1,2018-01-14,Levante,Celta,0,1,A,15,3,5,2,6,2,4,3,0,0
SP1,2018-01-14,Sociedad,Barcelona,2,4,A,15,11,6,5,7,3,2,2,0,0
SP1,2018-01-15,Betis,Leganes,3,2,H,16,10,9,6,1,1,2,3,0,0
SP1,2018-01-19,Getafe,Ath Bilbao,2,2,D,17,7,6,6,6,2,5,1,0,0
SP1,2018-01-20,Ath Madrid,Girona,1,1,D,9,6,4,3,2,1,4,3,0,0
SP1,2018-01-20,Espanol,Sevilla,0,3,A,9,12,0,7,8,2,4,2,0,0
SP1,2018-01-20,Las Palmas,Valencia,2,1,H,20,14,6,8,3,6,2,9,0,2
SP1,2018-01-20,Villarreal,Levante,2,1,H,18,16,6,4,6,4,2,2,0,0
SP1,2018-01-21,Real Madrid,La Coruna,7,1,H,24,5,13,2,6,1,0,2,0,0
SP1,2018-01-21,Sociedad,Celta,1,2,A,16,10,2,3,8,3,1,2,0,0
SP1,2018-01-21,Alaves,Leganes,2,2,D,14,8,6,4,4,6,3,3,1,0
SP1,2018-01-21,Betis,Barcelona,0,5,A,7,14,2,10,4,2,2,2,0,0
SP1,2018-01-22,Eibar,Malaga,1,1,D,15,10,4,4,8,3,1,3,0,1
SP1,2018-01-26,Ath Bilbao,Eibar,1,1,D,7,14,1,2,3,7,0,0,0,0
SP1,2018-01-27,La Coruna,Levante,2,2,D,8,15,2,4,4,7,7,5,1,0
SP1,2018-01-27,Malaga,Girona,0,0,D,7,11,1,2,5,4,2,1,1,0
SP1,2018-01-27,Valencia,Real Madrid,1,4,A,11,13,4,7,4,4,2,3,0,0
SP1,2018-01-27,Villarreal,Sociedad,4,2,H,11,24,7,6,2,9,1,1,0,0
SP1,2018-01-28,Ath Madrid,Las Palmas,3,0,H,18,9,7,1,4,1,1,2,0,0
SP1,2018-01-28,Barcelona,Alaves,2,1,H,18,7,12,4,8,1,0,2,0,0
SP1,2018-01-28,Leganes,Espanol,3,2,H,11,12,6,4,1,7,2,4,0,0
SP1,2018-01-28,Sevilla,Getafe,1,1,D,15,7,1,2,3,4,3,3,0,0
SP1,2018-01-29,Celta,Betis,3,2,H,13,7,5,3,7,2,1,5,0,0
SP1,2018-02-16,Girona,Leganes,3,0,H,10,10,5,5,4,4,3,5,0,0
SP1,2018-02-17,Malaga,Valencia,1,2,A,9,10,3,3,7,2,2,4,1,0
SP1,2018-02-17,Las Palmas,Sevilla,1,2,A,11,12,3,6,7,5,2,5,0,0
SP1,2018-02-17,Alaves,La Coruna,1,0,H,14,5,3,0,9,3,2,3,0,0
SP1,2018-02-17,Eibar,Barcelona,0,2,A,13,10,3,6,6,0,3,1,1,0
SP1,2018-02-18,Ath Madrid,Ath Bilbao,2,0,H,14,4,4,0,5,2,3,2,0,0
SP1,2018-02-18,Betis,Real Madrid,3,5,A,20,12,5,9,7,5,3,5,0,0
SP1,2018-02-18,Espanol,Villarreal,1,1,D,15,8,3,3,2,5,1,7,0,0
SP1,2018-02-18,Sociedad,Levante,3,0,H,13,9,3,1,2,4,0,2,0,0
SP1,2018-02-19,Getafe,Celta,3,0,H,9,4,5,1,5,5,4,3,0,0
SP1,2018-02-21,Leganes,Real Madrid,1,3,A,7,13,3,7,6,5,3,1,0,0
SP1,2018-02-23,La Coruna,Espanol,0,0,D,17,9,4,1,4,2,5,1,0,0
SP1,2018-02-24,Real Madrid,Alaves,4,0,H,25,11,10,5,9,5,1,2,0,0
SP1,2018-02-24,Barcelona,Girona,6,1,H,21,10,14,4,5,3,1,1,0,0
SP1,2018-02-24,Celta,Eibar,2,0,H,8,15,3,2,3,9,2,3,0,0
SP1,2018-02-24,Leganes,Las Palmas,0,0,D,11,4,2,1,6,5,4,5,0,0
SP1,2018-02-25,Villarreal,Getafe,1,0,H,10,3,4,2,2,8,5,3,0,0
SP1,2018-02-25,Valencia,Sociedad,2,1,H,7,9,4,3,4,4,2,3,0,0
SP1,2018-02-25,Ath Bilbao,Malaga,2,1,H,8,8,6,4,6,4,3,3,0,1
SP1,2018-02-25,Sevilla,Ath Madrid,2,5,A,10,13,5,8,5,4,3,3,0,0
SP1,2018-02-26,Levante,Betis,0,2,A,12,15,2,6,5,5,5,2,0,0
SP1,2018-02-27,Espanol,Real Madrid,1,0,H,16,12,7,5,3,8,1,1,0,0
SP1,2018-02-27,Girona,Celta,1,0,H,11,10,2,2,6,4,3,2,0,0
SP1,2018-02-28,Getafe,La Coruna,3,0,H,14,9,5,1,10,6,2,4,0,0
SP1,2018-02-28,Ath Bilbao,Valencia,1,1,D,11,6,4,4,6,1,1,2,0,0
SP1,2018-02-28,Ath Madrid,Leganes,4,0,H,15,9,8,3,5,1,1,3,0,0
SP1,2018-02-28,Eibar,Villarreal,1,0,H,13,11,1,3,6,4,4,2,0,0
SP1,2018-02-28,Malaga,Sevilla,0,1,A,8,6,0,4,9,4,2,2,0,0
SP1,2018-03-16,Levante,Eibar,2,1,H,6,13,3,4,4,5,4,3,0,0
SP1,2018-03-17,Valencia,Alaves,3,1,H,24,16,10,4,9,2,1,1,0,0
SP1,2018-03-17,Sociedad,Getafe,1,2,A,8,9,2,5,7,1,3,7,0,0
SP1,2018-03-17,Betis,Espanol,3,0,H,9,4,4,1,3,5,1,3,0,0
SP1,2018-03-17,La Coruna,Las Palmas,1,1,D,13,8,3,1,9,2,3,3,0,0
SP1,2018-03-18,Barcelona,Ath Bilbao,2,0,H,18,10,9,3,6,5,2,2,0,0
SP1,2018-03-18,Celta,Malaga,0,0,D,9,5,3,0,4,5,3,2,0,0
SP1,2018-03-18,Leganes,Sevilla,2,1,H,12,10,6,4,5,4,2,4,0,1
SP1,2018-03-18,Real Madrid,Girona,6,3,H,20,10,14,6,6,7,1,2,0,0
SP1,2018-03-18,Villarreal,Ath Madrid,2,1,H,17,8,5,2,5,4,5,3,0,1
SP1,2018-03-31,Ath Bilbao,Celta,1,1,D,11,13,2,3,4,5,3,1,0,0
SP1,2018-03-31,Girona,Levante,1,1,D,12,15,5,6,5,7,1,3,0,0
SP1,2018-03-31,Las Palmas,Real Madrid,0,3,A,17,17,3,7,3,3,3,0,0,0
SP1,2018-03-31,Sevilla,Barcelona,2,2,D,21,20,6,9,5,9,2,0,0,0
SP1,2018-04-13,Girona,Betis,0,1,A,9,10,4,2,6,4,7,5,0,0
SP1,2018-04-14,Sevilla,Villarreal,2,2,D,18,7,4,4,10,2,5,3,1,1
SP1,2018-04-14,Leganes,Celta,1,0,H,19,5,7,2,8,3,3,3,0,0
SP1,2018-04-14,Ath Bilbao,La Coruna,2,3,A,13,5,4,3,11,6,2,1,0,0
SP1,2018-04-14,Barcelona,Valencia,2,1,H,12,17,7,6,6,5,2,2,0,0
SP1,2018-04-14,Las Palmas,Sociedad,0,1,A,7,20,0,11,4,6,0,0,0,0
SP1,2018-04-15,Ath Madrid,Levante,3,0,H,13,11,5,3,8,3,2,1,0,0
SP1,2018-04-15,Eibar,Alaves,0,1,A,21,2,4,1,12,1,2,1,0,0
SP1,2018-04-15,Getafe,Espanol,1,0,H,13,5,4,0,4,3,6,2,1,0
SP1,2018-04-15,Malaga,Real Madrid,1,2,A,13,16,3,6,4,7,4,0,0,0
SP1,2018-04-17,Villarreal,Leganes,2,1,H,17,6,6,1,10,4,1,1,0,0
SP1,2018-04-17,Celta,Barcelona,2,2,D,18,14,8,6,6,4,3,0,0,1
SP1,2018-04-17,La Coruna,Sevilla,0,0,D,22,24,6,7,7,9,0,2,0,0
SP1,2018-04-18,Real Madrid,Ath Bilbao,1,1,D,29,6,10,2,16,2,2,4,0,0
SP1,2018-04-18,Valencia,Getafe,1,2,A,10,8,3,3,7,5,1,7,1,0
SP1,2018-04-18,Espanol,Eibar,0,1,A,10,5,4,1,3,6,3,2,0,0
SP1,2018-04-19,Alaves,Girona,1,2,A,11,14,5,5,3,6,4,4,0,0
SP1,2018-04-19,Betis,Las Palmas,1,0,H,17,1,8,0,6,3,3,5,0,1
SP1,2018-04-19,Levante,Malaga,1,0,H,11,10,2,2,4,3,1,1,0,0
SP1,2018-04-19,Sociedad,Ath Madrid,3,0,H,12,9,4,2,6,6,1,0,0,0
SP1,2018-04-20,Leganes,La Coruna,0,0,D,13,12,0,3,9,4,0,2,0,0
SP1,2018-04-21,Celta,Valencia,1,1,D,10,17,3,7,4,3,1,2,0,0
SP1,2018-04-21,Eibar,Getafe,0,1,A,12,7,2,4,8,3,4,1,0,0
SP1,2018-04-22,Ath Madrid,Betis,0,0,D,10,10,2,4,8,3,2,5,0,0
SP1,2018-04-22,Girona,Espanol,0,2,A,20,5,6,4,10,0,1,2,0,0
SP1,2018-04-22,Las Palmas,Alaves,0,4,A,12,10,1,7,3,3,2,2,0,0
SP1,2018-04-22,Malaga,Sociedad,2,0,H,4,14,3,2,5,3,4,1,0,0
SP1,2018-04-23,Ath Bilbao,Levante,1,3,A,18,11,5,7,2,9,3,3,0,0
SP1,2018-04-27,Levante,Sevilla,2,1,H,15,22,5,4,4,8,1,1,0,0
SP1,2018-04-28,Espanol,Las Palmas,1,1,D,16,13,7,2,6,7,2,4,0,0
SP1,2018-04-28,Real Madrid,Leganes,2,1,H,12,16,5,6,3,2,0,1,0,1
SP1,2018-04-28,Sociedad,Ath Bilbao,3,1,H,17,9,4,3,3,7,3,6,1,0
SP1,2018-04-28,Villarreal,Celta,4,1,H,13,15,7,4,5,7,2,0,0,0
SP1,2018-04-29,Alaves,Ath Madrid,0,1,A,7,14,3,6,3,4,4,6,0,1
SP1,2018-04-29,Getafe,Girona,1,1,D,10,15,2,2,4,4,6,4,1,0
SP1,2018-04-29,La Coruna,Barcelona,2,4,A,17,21,5,9,6,7,1,1,0,0
SP1,2018-04-29,Valencia,Eibar,0,0,D,16,8,5,2,8,2,2,3,0,0
SP1,2018-04-30,Betis,Malaga,2,1,H,12,9,3,3,6,4,1,4,0,0
SP1,2018-05-13,Espanol,Malaga,4,1,H,19,9,7,3,5,3,0,2,0,0
SP1,2018-05-13,Levante,Barcelona,5,4,H,12,18,7,7,3,8,6,6,0,0
SP1,2018-05-19,Sevilla,Alaves,1,0,H,20,10,8,4,8,3,2,2,0,0
SP1,2018-05-19,Malaga,Getafe,0,1,A,6,11,2,3,2,9,4,1,0,0
SP1,2018-05-19,Villarreal,Real Madrid,2,2,D,14,15,5,7,4,5,4,3,0,0
SP1,2018-05-19,Las Palmas,Girona,1,2,A,13,12,7,6,4,3,1,2,0,0
SP1,2018-05-19,Celta,Levante,4,2,H,20,7,9,3,5,3,1,3,0,1
SP1,2018-05-19,Leganes,Betis,3,2,H,8,16,3,8,6,4,2,0,1,0
SP1,2018-05-20,Ath Madrid,Eibar,2,2,D,8,14,4,3,2,2,6,2,1,0
SP1,2018-05-20,Barcelona,Sociedad,1,0,H,12,13,4,2,3,8,3,2,0,0
SP1,2018-05-20,Ath Bilbao,Espanol,0,1,A,12,11,3,4,7,7,0,1,0,0
SP1,2018-05-20,Valencia,La Coruna,2,1,H,22,12,5,7,8,4,0,0,0,0
